gender,SeniorCitizen,Partner,Dependents,tenure,PhoneService,MultipleLines,InternetService,OnlineSecurity,OnlineBackup,DeviceProtection,TechSupport,StreamingTV,StreamingMovies,Contract,PaperlessBilling,PaymentMethod,MonthlyCharges,TotalCharges,Churn,Tenure_Group,Churn_Probability,Risk_Level,Recommended_Action
Male,1,Yes,No,1,Yes,Yes,Fiber optic,No,No,No,No,Yes,Yes,Month-to-month,Yes,Electronic check,95.1,95.1,1,0-6 Months,0.8459842004208252,High Risk,Immediate retention contact + personalized offer
Male,1,No,No,1,Yes,Yes,Fiber optic,No,No,No,No,Yes,Yes,Month-to-month,Yes,Electronic check,94.0,94.0,1,0-6 Months,0.8451157691723185,High Risk,Immediate retention contact + personalized offer
Male,1,No,No,1,Yes,Yes,Fiber optic,No,No,No,No,Yes,Yes,Month-to-month,Yes,Electronic check,93.55,93.55,1,0-6 Months,0.8447745620629709,High Risk,Immediate retention contact + personalized offer
Female,1,No,No,2,Yes,Yes,Fiber optic,No,No,No,No,Yes,Yes,Month-to-month,Yes,Electronic check,93.85,170.85,1,0-6 Months,0.8434780697758086,High Risk,Immediate retention contact + personalized offer
Female,1,Yes,No,1,Yes,Yes,Fiber optic,No,No,Yes,No,Yes,Yes,Month-to-month,Yes,Electronic check,100.8,100.8,1,0-6 Months,0.8431466659596317,High Risk,Immediate retention contact + personalized offer
Male,1,No,No,2,Yes,Yes,Fiber optic,No,No,No,No,Yes,Yes,Month-to-month,Yes,Electronic check,93.85,196.75,1,0-6 Months,0.8414552478220472,High Risk,Immediate retention contact + personalized offer
Male,1,No,No,2,Yes,Yes,Fiber optic,No,No,No,No,Yes,Yes,Month-to-month,Yes,Electronic check,94.0,181.7,1,0-6 Months,0.8409143463197304,High Risk,Immediate retention contact + personalized offer
Male,1,No,No,3,Yes,Yes,Fiber optic,No,No,No,No,Yes,Yes,Month-to-month,Yes,Electronic check,94.85,335.75,0,0-6 Months,0.8401582791346728,High Risk,Immediate retention contact + personalized offer
Female,1,No,No,4,Yes,Yes,Fiber optic,No,No,No,No,Yes,Yes,Month-to-month,Yes,Electronic check,94.3,424.45,1,0-6 Months,0.8387012091129504,High Risk,Immediate retention contact + personalized offer
Female,1,No,No,4,Yes,Yes,Fiber optic,No,No,No,No,Yes,Yes,Month-to-month,Yes,Electronic check,95.45,396.1,1,0-6 Months,0.8383102370069796,High Risk,Immediate retention contact + personalized offer
Male,1,Yes,No,3,Yes,Yes,Fiber optic,No,No,No,No,Yes,Yes,Month-to-month,Yes,Electronic check,94.6,279.55,1,0-6 Months,0.8375544993288405,High Risk,Immediate retention contact + personalized offer
Female,1,No,No,1,Yes,Yes,Fiber optic,No,No,No,No,No,Yes,Month-to-month,Yes,Electronic check,85.05,85.05,1,0-6 Months,0.8228226414819498,High Risk,Immediate retention contact + personalized offer
Female,1,No,No,1,Yes,Yes,Fiber optic,No,No,No,No,Yes,No,Month-to-month,Yes,Electronic check,85.7,85.7,1,0-6 Months,0.8221188084704184,High Risk,Immediate retention contact + personalized offer
Male,1,Yes,No,1,Yes,Yes,Fiber optic,No,No,No,No,Yes,No,Month-to-month,Yes,Electronic check,86.05,86.05,1,0-6 Months,0.8189808781775662,High Risk,Immediate retention contact + personalized offer
Female,0,No,No,1,Yes,Yes,Fiber optic,No,No,No,No,Yes,Yes,Month-to-month,Yes,Electronic check,94.6,94.6,1,0-6 Months,0.8187905347025141,High Risk,Immediate retention contact + personalized offer
Female,0,No,No,1,Yes,Yes,Fiber optic,No,No,No,No,Yes,Yes,Month-to-month,Yes,Electronic check,93.85,93.85,1,0-6 Months,0.81814561222275,High Risk,Immediate retention contact + personalized offer
Female,1,No,No,2,Yes,Yes,Fiber optic,No,No,No,No,Yes,No,Month-to-month,Yes,Electronic check,85.55,187.45,1,0-6 Months,0.8179836477355117,High Risk,Immediate retention contact + personalized offer
Female,1,No,No,2,Yes,Yes,Fiber optic,No,No,No,No,No,Yes,Month-to-month,Yes,Electronic check,84.05,186.05,0,0-6 Months,0.8179737207004903,High Risk,Immediate retention contact + personalized offer
Male,1,Yes,No,7,Yes,Yes,Fiber optic,No,No,Yes,No,Yes,Yes,Month-to-month,Yes,Electronic check,101.95,700.85,1,7-12 Months,0.8172597045510217,High Risk,Immediate retention contact + personalized offer
Male,0,No,No,1,Yes,Yes,Fiber optic,No,No,No,No,Yes,Yes,Month-to-month,Yes,Electronic check,95.45,95.45,1,0-6 Months,0.81599929209891,High Risk,Immediate retention contact + personalized offer
Female,0,No,No,2,Yes,Yes,Fiber optic,No,No,No,No,Yes,Yes,Month-to-month,Yes,Electronic check,95.15,196.9,1,0-6 Months,0.8151992220340714,High Risk,Immediate retention contact + personalized offer
Female,1,No,No,1,Yes,No,Fiber optic,No,No,No,No,Yes,Yes,Month-to-month,Yes,Electronic check,91.3,91.3,1,0-6 Months,0.8151070354604909,High Risk,Immediate retention contact + personalized offer
Female,0,No,No,2,Yes,Yes,Fiber optic,No,No,No,No,Yes,Yes,Month-to-month,Yes,Electronic check,96.0,174.8,1,0-6 Months,0.8148215998943845,High Risk,Immediate retention contact + personalized offer
Female,1,No,No,1,Yes,No,Fiber optic,No,No,No,No,Yes,Yes,Month-to-month,Yes,Electronic check,89.3,89.3,1,0-6 Months,0.8133562257147358,High Risk,Immediate retention contact + personalized offer
Male,1,Yes,No,7,Yes,Yes,Fiber optic,No,No,Yes,No,Yes,Yes,Month-to-month,Yes,Electronic check,99.25,665.45,1,7-12 Months,0.8133136067124849,High Risk,Immediate retention contact + personalized offer
Male,1,No,No,8,Yes,Yes,Fiber optic,No,No,Yes,No,Yes,Yes,Month-to-month,Yes,Electronic check,100.6,819.4,1,7-12 Months,0.8128234894185221,High Risk,Immediate retention contact + personalized offer
Female,0,No,No,3,Yes,Yes,Fiber optic,No,No,No,No,Yes,Yes,Month-to-month,Yes,Electronic check,96.6,291.9,1,0-6 Months,0.8119437304849286,High Risk,Immediate retention contact + personalized offer
Female,0,Yes,No,3,Yes,Yes,Fiber optic,No,No,No,No,Yes,Yes,Month-to-month,Yes,Electronic check,95.2,292.85,1,0-6 Months,0.8108635443626866,High Risk,Immediate retention contact + personalized offer
Male,1,No,No,1,Yes,Yes,Fiber optic,No,No,Yes,No,Yes,No,Month-to-month,Yes,Electronic check,88.8,88.8,1,0-6 Months,0.8095155523299474,High Risk,Immediate retention contact + personalized offer
Female,1,No,No,2,Yes,Yes,Fiber optic,No,No,Yes,No,No,Yes,Month-to-month,Yes,Electronic check,88.55,179.25,1,0-6 Months,0.8095120613511559,High Risk,Immediate retention contact + personalized offer
Male,0,No,No,1,Yes,Yes,Fiber optic,No,No,Yes,No,Yes,Yes,Month-to-month,Yes,Electronic check,101.45,101.45,1,0-6 Months,0.8093780876767467,High Risk,Immediate retention contact + personalized offer
Female,1,No,No,4,Yes,Yes,Fiber optic,No,No,No,No,No,Yes,Month-to-month,Yes,Electronic check,84.6,360.1,1,0-6 Months,0.8087255609202538,High Risk,Immediate retention contact + personalized offer
Male,1,Yes,No,3,Yes,Yes,Fiber optic,No,Yes,Yes,No,Yes,Yes,Month-to-month,Yes,Electronic check,105.9,334.65,1,0-6 Months,0.8084867607820919,High Risk,Immediate retention contact + personalized offer
Male,1,No,No,9,Yes,Yes,Fiber optic,No,No,Yes,No,Yes,Yes,Month-to-month,Yes,Electronic check,100.5,918.6,1,7-12 Months,0.8084371466414608,High Risk,Immediate retention contact + personalized offer
Male,1,No,No,10,Yes,Yes,Fiber optic,No,No,No,No,Yes,Yes,Month-to-month,Yes,Electronic check,95.35,898.35,1,7-12 Months,0.8058556823332061,High Risk,Immediate retention contact + personalized offer
Male,1,No,No,3,Yes,Yes,Fiber optic,No,Yes,Yes,No,Yes,Yes,Month-to-month,Yes,Electronic check,105.0,294.45,1,0-6 Months,0.8056520754302204,High Risk,Immediate retention contact + personalized offer
Female,1,Yes,No,4,Yes,Yes,Fiber optic,No,No,No,No,Yes,No,Month-to-month,Yes,Electronic check,83.25,308.05,0,0-6 Months,0.8036456854079743,High Risk,Immediate retention contact + personalized offer
Female,1,Yes,No,11,Yes,Yes,Fiber optic,No,No,Yes,No,Yes,Yes,Month-to-month,Yes,Electronic check,99.55,1131.2,1,7-12 Months,0.8033138724047694,High Risk,Immediate retention contact + personalized offer
Male,0,No,No,3,Yes,Yes,Fiber optic,No,No,Yes,No,Yes,Yes,Month-to-month,Yes,Electronic check,100.95,329.95,1,0-6 Months,0.8016950191968759,High Risk,Immediate retention contact + personalized offer
Female,1,No,No,6,Yes,Yes,Fiber optic,No,Yes,No,No,Yes,Yes,Month-to-month,Yes,Electronic check,98.25,560.6,1,0-6 Months,0.8010238062783526,High Risk,Immediate retention contact + personalized offer
Female,1,No,No,13,Yes,Yes,Fiber optic,No,No,No,No,Yes,Yes,Month-to-month,Yes,Electronic check,95.05,1290.0,1,13-24 Months,0.8008510983816746,High Risk,Immediate retention contact + personalized offer
Female,1,No,No,4,Yes,Yes,Fiber optic,No,No,Yes,No,No,Yes,Month-to-month,Yes,Electronic check,88.85,372.45,1,0-6 Months,0.8007108015224293,High Risk,Immediate retention contact + personalized offer
Female,1,No,No,4,Yes,Yes,Fiber optic,No,No,Yes,No,Yes,No,Month-to-month,Yes,Electronic check,89.2,346.2,1,0-6 Months,0.798280420418535,High Risk,Immediate retention contact + personalized offer
Female,1,Yes,No,1,Yes,Yes,Fiber optic,No,Yes,No,No,Yes,No,Month-to-month,Yes,Electronic check,90.6,90.6,1,0-6 Months,0.7954559499578475,High Risk,Immediate retention contact + personalized offer
Female,1,Yes,No,6,Yes,Yes,Fiber optic,No,No,No,No,No,Yes,Month-to-month,Yes,Electronic check,84.35,474.9,1,0-6 Months,0.7953640376108143,High Risk,Immediate retention contact + personalized offer
Female,0,No,No,5,Yes,Yes,Fiber optic,No,No,Yes,No,Yes,Yes,Month-to-month,Yes,Electronic check,100.5,514.0,1,0-6 Months,0.7953342586724502,High Risk,Immediate retention contact + personalized offer
Female,1,Yes,No,7,Yes,Yes,Fiber optic,No,No,No,No,No,Yes,Month-to-month,Yes,Electronic check,84.55,646.85,1,7-12 Months,0.7948097683168737,High Risk,Immediate retention contact + personalized offer
Male,1,Yes,No,13,Yes,Yes,Fiber optic,No,No,No,No,Yes,Yes,Month-to-month,Yes,Electronic check,95.25,1233.65,1,13-24 Months,0.794317561051029,High Risk,Immediate retention contact + personalized offer
Male,1,No,No,12,Yes,Yes,Fiber optic,No,No,Yes,No,Yes,Yes,Month-to-month,Yes,Electronic check,99.45,1200.15,1,7-12 Months,0.7932900272210842,High Risk,Immediate retention contact + personalized offer
Male,1,No,No,5,Yes,No,Fiber optic,No,No,No,No,Yes,Yes,Month-to-month,Yes,Electronic check,91.4,449.75,1,0-6 Months,0.7918229207977252,High Risk,Immediate retention contact + personalized offer
Male,1,No,No,5,Yes,No,Fiber optic,No,No,No,No,Yes,Yes,Month-to-month,Yes,Electronic check,89.5,477.7,1,0-6 Months,0.7916019209869585,High Risk,Immediate retention contact + personalized offer
Female,1,Yes,No,1,Yes,Yes,Fiber optic,No,No,No,No,No,No,Month-to-month,Yes,Electronic check,74.45,74.45,1,0-6 Months,0.7913223838067129,High Risk,Immediate retention contact + personalized offer
Female,1,No,No,1,Yes,Yes,Fiber optic,No,No,No,No,No,No,Month-to-month,Yes,Electronic check,74.2,74.2,1,0-6 Months,0.7910364926079276,High Risk,Immediate retention contact + personalized offer
Male,0,No,Yes,1,Yes,Yes,Fiber optic,No,No,No,No,Yes,Yes,Month-to-month,Yes,Electronic check,93.3,93.3,1,0-6 Months,0.7909716377491606,High Risk,Immediate retention contact + personalized offer
Male,1,No,No,4,Yes,No,Fiber optic,No,No,Yes,No,Yes,Yes,Month-to-month,Yes,Electronic check,94.75,422.4,0,0-6 Months,0.790393599483603,High Risk,Immediate retention contact + personalized offer
Female,1,No,No,6,Yes,No,Fiber optic,No,No,No,No,Yes,Yes,Month-to-month,Yes,Electronic check,89.35,567.8,0,0-6 Months,0.7902506365993486,High Risk,Immediate retention contact + personalized offer
Female,1,No,No,8,Yes,Yes,Fiber optic,No,Yes,Yes,No,Yes,Yes,Month-to-month,Yes,Electronic check,105.5,829.55,1,7-12 Months,0.7893247336773045,High Risk,Immediate retention contact + personalized offer
Male,1,No,No,1,Yes,Yes,Fiber optic,No,No,No,No,No,No,Month-to-month,Yes,Electronic check,76.45,76.45,1,0-6 Months,0.7892792191365116,High Risk,Immediate retention contact + personalized offer
Female,0,No,No,1,Yes,Yes,Fiber optic,No,No,No,No,No,Yes,Month-to-month,Yes,Electronic check,85.0,85.0,1,0-6 Months,0.7891128778576956,High Risk,Immediate retention contact + personalized offer
Female,1,No,No,1,Yes,Yes,Fiber optic,No,No,No,No,No,No,Month-to-month,Yes,Electronic check,72.1,72.1,0,0-6 Months,0.7890203944439403,High Risk,Immediate retention contact + personalized offer
Male,0,No,No,7,Yes,Yes,Fiber optic,No,No,No,No,Yes,Yes,Month-to-month,Yes,Electronic check,94.1,701.3,0,7-12 Months,0.7887440449798454,High Risk,Immediate retention contact + personalized offer
Male,1,No,No,1,Yes,Yes,Fiber optic,No,No,No,No,No,No,Month-to-month,Yes,Electronic check,75.75,75.75,1,0-6 Months,0.7886046342326001,High Risk,Immediate retention contact + personalized offer
Male,1,No,No,1,Yes,Yes,Fiber optic,No,No,No,No,No,No,Month-to-month,Yes,Electronic check,75.35,75.35,1,0-6 Months,0.7882184480664047,High Risk,Immediate retention contact + personalized offer
Female,1,No,No,16,Yes,Yes,Fiber optic,No,No,No,No,Yes,Yes,Month-to-month,Yes,Electronic check,96.4,1581.2,1,13-24 Months,0.7879884642443297,High Risk,Immediate retention contact + personalized offer
Male,1,No,No,1,Yes,Yes,Fiber optic,No,No,No,No,No,No,Month-to-month,Yes,Electronic check,74.7,74.7,1,0-6 Months,0.787589795674896,High Risk,Immediate retention contact + personalized offer
Male,1,Yes,No,1,Yes,Yes,Fiber optic,No,No,No,No,No,No,Month-to-month,Yes,Electronic check,74.4,74.4,1,0-6 Months,0.7873466677056645,High Risk,Immediate retention contact + personalized offer
Male,1,No,No,1,Yes,Yes,Fiber optic,No,No,No,No,No,No,Month-to-month,Yes,Electronic check,74.4,74.4,1,0-6 Months,0.787299189135668,High Risk,Immediate retention contact + personalized offer
Female,0,No,No,1,Yes,Yes,Fiber optic,No,No,No,No,Yes,No,Month-to-month,Yes,Electronic check,84.6,84.6,0,0-6 Months,0.7872937124504694,High Risk,Immediate retention contact + personalized offer
Male,1,No,No,14,Yes,Yes,Fiber optic,No,No,No,No,Yes,Yes,Month-to-month,Yes,Electronic check,95.6,1273.3,0,13-24 Months,0.7867569156361544,High Risk,Immediate retention contact + personalized offer
Male,0,No,No,1,Yes,Yes,Fiber optic,No,No,No,No,No,Yes,Month-to-month,Yes,Electronic check,86.6,86.6,1,0-6 Months,0.7867132303824882,High Risk,Immediate retention contact + personalized offer
Male,1,No,No,1,Yes,Yes,Fiber optic,No,No,No,No,No,No,Month-to-month,Yes,Electronic check,73.65,73.65,1,0-6 Months,0.7865714037514052,High Risk,Immediate retention contact + personalized offer
Male,1,Yes,No,1,Yes,Yes,Fiber optic,No,No,No,No,No,No,Month-to-month,Yes,Electronic check,73.55,73.55,1,0-6 Months,0.7865218415120566,High Risk,Immediate retention contact + personalized offer
Male,0,No,No,7,Yes,Yes,Fiber optic,No,No,No,No,Yes,Yes,Month-to-month,Yes,Electronic check,93.85,635.6,1,7-12 Months,0.7849504759713531,High Risk,Immediate retention contact + personalized offer
Female,1,No,No,16,Yes,Yes,Fiber optic,No,No,No,No,Yes,Yes,Month-to-month,Yes,Electronic check,96.15,1529.2,1,13-24 Months,0.7849341238539683,High Risk,Immediate retention contact + personalized offer
Male,1,No,No,7,Yes,Yes,Fiber optic,No,No,No,No,Yes,No,Month-to-month,Yes,Electronic check,84.8,546.95,1,7-12 Months,0.7842705462464863,High Risk,Immediate retention contact + personalized offer
Female,0,No,No,2,Yes,Yes,Fiber optic,No,No,No,No,No,Yes,Month-to-month,Yes,Electronic check,85.7,169.8,1,0-6 Months,0.7842697794152793,High Risk,Immediate retention contact + personalized offer
Male,0,No,Yes,1,Yes,Yes,Fiber optic,No,No,Yes,No,Yes,Yes,Month-to-month,Yes,Electronic check,99.75,99.75,1,0-6 Months,0.7841297330897378,High Risk,Immediate retention contact + personalized offer
Female,0,No,No,9,Yes,Yes,Fiber optic,No,No,No,No,Yes,Yes,Month-to-month,Yes,Electronic check,94.75,889.9,1,7-12 Months,0.7833533106979396,High Risk,Immediate retention contact + personalized offer
Female,1,Yes,No,8,Yes,Yes,Fiber optic,No,No,No,No,No,Yes,Month-to-month,Yes,Electronic check,84.0,613.4,1,7-12 Months,0.7824873844058626,High Risk,Immediate retention contact + personalized offer
Male,1,Yes,No,7,Yes,No,Fiber optic,No,No,No,No,Yes,Yes,Month-to-month,Yes,Electronic check,89.5,676.7,1,7-12 Months,0.7822844669614004,High Risk,Immediate retention contact + personalized offer
Female,1,No,No,1,Yes,No,Fiber optic,No,No,No,No,Yes,No,Month-to-month,Yes,Electronic check,79.2,79.2,1,0-6 Months,0.7810683380368733,High Risk,Immediate retention contact + personalized offer
Female,0,No,No,8,Yes,Yes,Fiber optic,No,No,Yes,No,Yes,Yes,Month-to-month,Yes,Electronic check,99.65,820.5,1,7-12 Months,0.7810051251960328,High Risk,Immediate retention contact + personalized offer
Female,1,No,No,9,Yes,Yes,Fiber optic,No,No,No,No,No,Yes,Month-to-month,Yes,Electronic check,84.45,762.5,1,7-12 Months,0.7808299881447445,High Risk,Immediate retention contact + personalized offer
Female,1,No,No,7,Yes,No,Fiber optic,No,No,No,No,Yes,Yes,Month-to-month,Yes,Electronic check,89.15,574.35,0,7-12 Months,0.7802878150746123,High Risk,Immediate retention contact + personalized offer
Male,0,No,No,2,Yes,Yes,Fiber optic,No,No,No,No,No,Yes,Month-to-month,Yes,Electronic check,86.0,165.45,1,0-6 Months,0.7802864236061297,High Risk,Immediate retention contact + personalized offer
Male,0,No,No,2,Yes,Yes,Fiber optic,No,No,No,No,Yes,No,Month-to-month,Yes,Electronic check,85.65,181.5,1,0-6 Months,0.7793759835219088,High Risk,Immediate retention contact + personalized offer
Female,0,Yes,No,2,Yes,Yes,Fiber optic,No,No,No,No,Yes,No,Month-to-month,Yes,Electronic check,84.05,134.05,0,0-6 Months,0.7793436207871524,High Risk,Immediate retention contact + personalized offer
Male,1,Yes,No,6,Yes,No,Fiber optic,No,No,Yes,No,Yes,Yes,Month-to-month,Yes,Electronic check,95.75,573.75,1,0-6 Months,0.7793306509777307,High Risk,Immediate retention contact + personalized offer
Female,1,No,No,2,Yes,No,Fiber optic,No,No,No,No,No,Yes,Month-to-month,Yes,Electronic check,79.6,195.05,1,0-6 Months,0.7790309966988802,High Risk,Immediate retention contact + personalized offer
Male,1,No,No,3,Yes,Yes,Fiber optic,No,No,No,No,No,No,Month-to-month,Yes,Electronic check,77.0,237.75,1,0-6 Months,0.7782561760072203,High Risk,Immediate retention contact + personalized offer
Male,1,Yes,No,7,Yes,No,Fiber optic,No,No,No,No,Yes,Yes,Month-to-month,Yes,Electronic check,89.0,605.45,0,7-12 Months,0.777861709485403,High Risk,Immediate retention contact + personalized offer
Male,1,No,No,9,Yes,Yes,Fiber optic,No,No,No,No,No,Yes,Month-to-month,Yes,Electronic check,83.85,790.15,1,7-12 Months,0.7777419251264842,High Risk,Immediate retention contact + personalized offer
Female,1,No,No,17,Yes,Yes,Fiber optic,No,No,No,No,Yes,Yes,Month-to-month,Yes,Electronic check,94.2,1608.15,0,13-24 Months,0.7771996896066339,High Risk,Immediate retention contact + personalized offer
Male,1,No,No,3,Yes,Yes,Fiber optic,No,No,No,No,No,No,Month-to-month,Yes,Electronic check,76.05,231.8,1,0-6 Months,0.7770257857713808,High Risk,Immediate retention contact + personalized offer
Male,1,No,No,1,Yes,No,Fiber optic,No,No,No,No,Yes,No,Month-to-month,Yes,Electronic check,79.1,79.1,1,0-6 Months,0.7769021757078154,High Risk,Immediate retention contact + personalized offer
Male,0,No,No,9,Yes,Yes,Fiber optic,No,No,No,No,Yes,Yes,Month-to-month,Yes,Electronic check,95.5,829.1,1,7-12 Months,0.7766284935142201,High Risk,Immediate retention contact + personalized offer
Male,1,No,No,9,Yes,Yes,Fiber optic,No,No,No,No,No,Yes,Month-to-month,Yes,Electronic check,85.05,746.5,1,7-12 Months,0.7764317750843347,High Risk,Immediate retention contact + personalized offer
Female,1,Yes,No,17,Yes,Yes,Fiber optic,No,No,No,No,Yes,Yes,Month-to-month,Yes,Electronic check,92.55,1614.7,0,13-24 Months,0.7760524378818894,High Risk,Immediate retention contact + personalized offer
Female,0,No,No,2,Yes,Yes,Fiber optic,No,No,Yes,No,Yes,No,Month-to-month,Yes,Electronic check,91.4,193.6,1,0-6 Months,0.7760443049473319,High Risk,Immediate retention contact + personalized offer
Male,0,Yes,No,1,Yes,No,Fiber optic,No,No,No,No,Yes,Yes,Month-to-month,Yes,Electronic check,90.75,90.75,1,0-6 Months,0.7757917659033611,High Risk,Immediate retention contact + personalized offer
Female,1,No,No,2,Yes,Yes,Fiber optic,No,No,Yes,No,No,No,Month-to-month,Yes,Electronic check,78.55,149.55,1,0-6 Months,0.7757353394395693,High Risk,Immediate retention contact + personalized offer
Male,0,No,No,1,Yes,No,Fiber optic,No,No,No,No,Yes,Yes,Month-to-month,Yes,Electronic check,90.55,90.55,1,0-6 Months,0.7755410118687946,High Risk,Immediate retention contact + personalized offer
Male,0,Yes,No,4,Yes,Yes,Fiber optic,No,Yes,No,No,Yes,Yes,Month-to-month,Yes,Electronic check,100.2,420.2,1,0-6 Months,0.7754124272923542,High Risk,Immediate retention contact + personalized offer
Male,1,Yes,No,12,Yes,Yes,Fiber optic,No,Yes,No,No,Yes,Yes,Month-to-month,Yes,Electronic check,101.35,1218.55,1,7-12 Months,0.7752914831894278,High Risk,Immediate retention contact + personalized offer
Male,0,No,No,1,Yes,No,Fiber optic,No,No,No,No,Yes,Yes,Month-to-month,Yes,Electronic check,89.9,89.9,1,0-6 Months,0.7748854753565487,High Risk,Immediate retention contact + personalized offer
Female,1,No,No,1,Yes,No,Fiber optic,No,No,Yes,No,No,Yes,Month-to-month,Yes,Electronic check,85.0,85.0,1,0-6 Months,0.7748369967215655,High Risk,Immediate retention contact + personalized offer
Male,0,No,No,3,Yes,Yes,Fiber optic,No,No,No,No,No,Yes,Month-to-month,Yes,Electronic check,85.3,264.8,1,0-6 Months,0.7747852434661879,High Risk,Immediate retention contact + personalized offer
Female,1,No,No,4,Yes,Yes,Fiber optic,No,No,No,No,No,No,Month-to-month,Yes,Electronic check,74.9,321.75,1,0-6 Months,0.7746459130057427,High Risk,Immediate retention contact + personalized offer
Male,0,No,No,1,Yes,No,Fiber optic,No,No,No,No,Yes,Yes,Month-to-month,Yes,Electronic check,89.55,89.55,1,0-6 Months,0.7745319319904367,High Risk,Immediate retention contact + personalized offer
Female,0,No,No,10,Yes,Yes,Fiber optic,No,No,Yes,No,Yes,Yes,Month-to-month,Yes,Electronic check,100.6,1060.2,1,7-12 Months,0.7745226469692962,High Risk,Immediate retention contact + personalized offer
Male,0,No,No,1,Yes,No,Fiber optic,No,No,No,No,Yes,Yes,Month-to-month,Yes,Electronic check,89.25,89.25,0,0-6 Months,0.7742285816790908,High Risk,Immediate retention contact + personalized offer
Female,1,No,No,9,Yes,Yes,Fiber optic,No,No,Yes,No,Yes,No,Month-to-month,Yes,Electronic check,90.1,816.8,0,7-12 Months,0.7741928729314985,High Risk,Immediate retention contact + personalized offer
Male,0,No,No,1,Yes,No,Fiber optic,No,No,No,No,Yes,Yes,Month-to-month,Yes,Electronic check,89.1,89.1,1,0-6 Months,0.7740767981433343,High Risk,Immediate retention contact + personalized offer
Male,1,No,No,5,Yes,Yes,Fiber optic,No,Yes,No,No,No,Yes,Month-to-month,Yes,Electronic check,89.8,502.6,1,0-6 Months,0.7740359345175903,High Risk,Immediate retention contact + personalized offer
Male,1,Yes,No,10,Yes,Yes,Fiber optic,No,No,No,No,No,Yes,Month-to-month,Yes,Electronic check,86.65,856.65,1,7-12 Months,0.7737366167161818,High Risk,Immediate retention contact + personalized offer
Female,0,No,No,2,Yes,No,Fiber optic,No,No,No,No,Yes,Yes,Month-to-month,Yes,Electronic check,90.4,168.2,1,0-6 Months,0.773410288139705,High Risk,Immediate retention contact + personalized offer
Male,0,No,No,1,Yes,No,Fiber optic,No,No,No,No,Yes,Yes,Month-to-month,Yes,Electronic check,88.35,88.35,1,0-6 Months,0.7733167968899098,High Risk,Immediate retention contact + personalized offer
Male,1,Yes,No,16,Yes,Yes,Fiber optic,No,No,Yes,No,Yes,Yes,Month-to-month,Yes,Electronic check,98.75,1587.55,1,13-24 Months,0.7731485845850942,High Risk,Immediate retention contact + personalized offer
Female,1,No,No,4,Yes,Yes,Fiber optic,No,No,No,No,No,No,Month-to-month,Yes,Electronic check,74.45,294.45,0,0-6 Months,0.7726689099262866,High Risk,Immediate retention contact + personalized offer
Female,0,Yes,No,11,Yes,Yes,Fiber optic,No,No,No,No,Yes,Yes,Month-to-month,Yes,Electronic check,94.0,1078.9,1,7-12 Months,0.7724862689003021,High Risk,Immediate retention contact + personalized offer
Female,1,Yes,No,4,Yes,Yes,Fiber optic,Yes,No,No,No,Yes,Yes,Month-to-month,Yes,Electronic check,99.6,347.65,1,0-6 Months,0.7720442149256885,High Risk,Immediate retention contact + personalized offer
Male,1,No,No,18,Yes,Yes,Fiber optic,No,No,No,No,Yes,Yes,Month-to-month,Yes,Electronic check,95.45,1752.55,1,13-24 Months,0.7719270257694173,High Risk,Immediate retention contact + personalized offer
Male,1,Yes,No,7,Yes,Yes,Fiber optic,No,No,No,No,Yes,Yes,Month-to-month,Yes,Bank transfer (automatic),95.6,644.35,1,7-12 Months,0.7717089281612225,High Risk,Immediate retention contact + personalized offer
Male,1,Yes,No,17,Yes,Yes,Fiber optic,No,No,No,No,Yes,Yes,Month-to-month,Yes,Electronic check,94.8,1563.9,0,13-24 Months,0.7711910733415689,High Risk,Immediate retention contact + personalized offer
Male,0,Yes,No,2,Yes,Yes,Fiber optic,No,No,Yes,No,Yes,No,Month-to-month,Yes,Electronic check,91.45,171.45,0,0-6 Months,0.770746775261483,High Risk,Immediate retention contact + personalized offer
Female,0,No,No,4,Yes,Yes,Fiber optic,No,No,No,No,Yes,No,Month-to-month,Yes,Electronic check,85.65,321.65,1,0-6 Months,0.7704322583560251,High Risk,Immediate retention contact + personalized offer
Female,1,Yes,Yes,14,Yes,Yes,Fiber optic,No,No,No,No,Yes,Yes,Month-to-month,Yes,Electronic check,95.8,1346.3,0,13-24 Months,0.7699199218177367,High Risk,Immediate retention contact + personalized offer
Female,1,Yes,No,3,Yes,No,Fiber optic,No,No,No,No,Yes,No,Month-to-month,Yes,Electronic check,80.4,224.05,1,0-6 Months,0.7694775595283077,High Risk,Immediate retention contact + personalized offer
Male,0,No,No,4,Yes,Yes,Fiber optic,No,No,No,No,No,Yes,Month-to-month,Yes,Electronic check,85.65,338.9,1,0-6 Months,0.7687552207289129,High Risk,Immediate retention contact + personalized offer
Female,0,No,No,5,Yes,Yes,Fiber optic,No,No,No,No,Yes,No,Month-to-month,Yes,Electronic check,85.2,474.8,1,0-6 Months,0.7681186469910057,High Risk,Immediate retention contact + personalized offer
Female,0,No,No,11,Yes,Yes,Fiber optic,No,No,Yes,No,Yes,Yes,Month-to-month,Yes,Electronic check,100.75,1129.75,1,7-12 Months,0.7680310880188014,High Risk,Immediate retention contact + personalized offer
Female,1,No,No,8,Yes,No,Fiber optic,No,No,Yes,No,Yes,Yes,Month-to-month,Yes,Electronic check,92.1,729.95,1,7-12 Months,0.7677152119774497,High Risk,Immediate retention contact + personalized offer
Male,0,Yes,No,10,Yes,Yes,Fiber optic,No,No,Yes,No,Yes,Yes,Month-to-month,Yes,Electronic check,98.5,1037.75,1,7-12 Months,0.767090320052037,High Risk,Immediate retention contact + personalized offer
Male,1,No,No,3,Yes,No,Fiber optic,No,No,No,No,Yes,No,Month-to-month,Yes,Electronic check,79.9,260.9,1,0-6 Months,0.7668570031080703,High Risk,Immediate retention contact + personalized offer
Male,1,Yes,No,10,Yes,Yes,Fiber optic,No,No,Yes,No,No,Yes,Month-to-month,Yes,Electronic check,89.8,914.3,1,7-12 Months,0.7662341405016738,High Risk,Immediate retention contact + personalized offer
Female,0,No,No,3,Yes,No,Fiber optic,No,No,No,No,Yes,Yes,Month-to-month,Yes,Electronic check,89.45,240.45,1,0-6 Months,0.7659767590967762,High Risk,Immediate retention contact + personalized offer
Male,0,No,No,3,Yes,No,Fiber optic,No,No,No,No,Yes,Yes,Month-to-month,Yes,Electronic check,92.0,266.8,0,0-6 Months,0.7657682171198735,High Risk,Immediate retention contact + personalized offer
Female,1,Yes,No,14,Yes,Yes,Fiber optic,No,Yes,No,No,Yes,Yes,Month-to-month,Yes,Electronic check,100.2,1369.8,1,13-24 Months,0.7657491405524459,High Risk,Immediate retention contact + personalized offer
Female,1,No,No,14,Yes,Yes,Fiber optic,No,Yes,Yes,No,Yes,Yes,Month-to-month,Yes,Electronic check,104.85,1531.4,1,13-24 Months,0.765601118962343,High Risk,Immediate retention contact + personalized offer
Female,1,Yes,No,19,Yes,Yes,Fiber optic,No,No,No,No,Yes,Yes,Month-to-month,Yes,Electronic check,94.95,1760.25,0,13-24 Months,0.7654452142187959,High Risk,Immediate retention contact + personalized offer
Male,1,No,No,13,Yes,Yes,Fiber optic,No,Yes,Yes,No,Yes,Yes,Month-to-month,Yes,Electronic check,106.9,1364.3,1,13-24 Months,0.7644587190235785,High Risk,Immediate retention contact + personalized offer
Female,1,Yes,No,5,Yes,Yes,Fiber optic,No,No,No,No,No,No,Month-to-month,Yes,Electronic check,74.35,334.8,1,0-6 Months,0.7642484648144524,High Risk,Immediate retention contact + personalized offer
Female,0,No,No,5,Yes,Yes,Fiber optic,No,No,No,No,Yes,No,Month-to-month,Yes,Electronic check,84.0,424.75,0,0-6 Months,0.7640423727344156,High Risk,Immediate retention contact + personalized offer
Male,0,No,No,12,Yes,Yes,Fiber optic,No,No,No,No,Yes,Yes,Month-to-month,Yes,Electronic check,96.05,1148.1,1,7-12 Months,0.7635005612936913,High Risk,Immediate retention contact + personalized offer
Female,1,No,No,1,No,No phone service,DSL,No,No,No,No,Yes,No,Month-to-month,Yes,Electronic check,36.45,36.45,1,0-6 Months,0.7628481359574163,High Risk,Immediate retention contact + personalized offer
Female,0,Yes,No,11,Yes,Yes,Fiber optic,No,No,Yes,No,Yes,Yes,Month-to-month,Yes,Electronic check,99.5,1056.95,1,7-12 Months,0.7626259456407346,High Risk,Immediate retention contact + personalized offer
Male,0,No,No,2,Yes,No,Fiber optic,No,No,Yes,No,Yes,Yes,Month-to-month,Yes,Electronic check,95.85,197.7,1,0-6 Months,0.7622664462119272,High Risk,Immediate retention contact + personalized offer
Female,1,No,No,3,Yes,No,Fiber optic,No,No,Yes,No,Yes,No,Month-to-month,Yes,Electronic check,86.85,220.95,1,0-6 Months,0.7615317039549946,High Risk,Immediate retention contact + personalized offer
Female,1,No,No,4,Yes,No,Fiber optic,No,No,No,No,Yes,No,Month-to-month,Yes,Electronic check,78.85,292.8,1,0-6 Months,0.7611022494557083,High Risk,Immediate retention contact + personalized offer
Female,0,No,No,12,Yes,Yes,Fiber optic,No,No,No,No,Yes,Yes,Month-to-month,Yes,Electronic check,94.2,1046.1,1,7-12 Months,0.7599643435915756,High Risk,Immediate retention contact + personalized offer
Male,1,Yes,No,20,Yes,Yes,Fiber optic,No,No,No,No,Yes,Yes,Month-to-month,Yes,Electronic check,94.55,1899.65,1,13-24 Months,0.7580353429258232,High Risk,Immediate retention contact + personalized offer
Female,1,No,No,8,Yes,Yes,Fiber optic,No,No,Yes,No,Yes,Yes,Month-to-month,No,Electronic check,101.35,780.5,1,7-12 Months,0.7578543793125903,High Risk,Immediate retention contact + personalized offer
Male,0,No,No,4,Yes,No,Fiber optic,No,No,No,No,Yes,Yes,Month-to-month,Yes,Electronic check,88.45,370.65,1,0-6 Months,0.7574311005308796,High Risk,Immediate retention contact + personalized offer
Male,0,No,No,7,Yes,Yes,Fiber optic,No,Yes,No,No,Yes,Yes,Month-to-month,Yes,Electronic check,99.8,673.25,1,7-12 Months,0.7573422466847148,High Risk,Immediate retention contact + personalized offer
Female,1,No,No,13,Yes,Yes,Fiber optic,No,No,No,No,No,Yes,Month-to-month,Yes,Electronic check,82.0,1127.2,1,13-24 Months,0.7566913752492693,High Risk,Immediate retention contact + personalized offer
Female,0,Yes,No,6,Yes,Yes,Fiber optic,No,Yes,Yes,No,Yes,Yes,Month-to-month,Yes,Electronic check,105.3,545.2,1,0-6 Months,0.7563166049518868,High Risk,Immediate retention contact + personalized offer
Female,0,No,No,1,Yes,Yes,Fiber optic,No,No,No,No,No,No,Month-to-month,Yes,Electronic check,77.15,77.15,1,0-6 Months,0.7563080681335657,High Risk,Immediate retention contact + personalized offer
Male,0,No,No,5,Yes,Yes,Fiber optic,No,No,Yes,No,Yes,No,Month-to-month,Yes,Electronic check,92.5,452.7,1,0-6 Months,0.7555826160752548,High Risk,Immediate retention contact + personalized offer
Female,1,No,No,21,Yes,Yes,Fiber optic,No,No,No,No,Yes,Yes,Month-to-month,Yes,Electronic check,94.25,1973.75,1,13-24 Months,0.7553749633706978,High Risk,Immediate retention contact + personalized offer
Female,1,No,No,6,No,No phone service,DSL,No,No,No,No,Yes,Yes,Month-to-month,Yes,Electronic check,44.4,263.05,0,0-6 Months,0.7551216957278224,High Risk,Immediate retention contact + personalized offer
Female,0,No,No,1,Yes,Yes,Fiber optic,No,No,No,No,No,No,Month-to-month,Yes,Electronic check,75.1,75.1,1,0-6 Months,0.7541147421620453,High Risk,Immediate retention contact + personalized offer
Female,0,No,No,8,Yes,Yes,Fiber optic,No,No,No,No,Yes,No,Month-to-month,Yes,Electronic check,87.05,762.1,1,7-12 Months,0.7540646317018476,High Risk,Immediate retention contact + personalized offer
Female,0,Yes,No,7,Yes,Yes,Fiber optic,No,No,No,No,Yes,No,Month-to-month,Yes,Electronic check,86.5,582.5,1,7-12 Months,0.7539345105050623,High Risk,Immediate retention contact + personalized offer
Female,1,No,No,1,Yes,No,Fiber optic,No,Yes,No,No,No,Yes,Month-to-month,Yes,Electronic check,86.0,86.0,1,0-6 Months,0.7537217069170951,High Risk,Immediate retention contact + personalized offer
Female,0,Yes,No,8,Yes,Yes,Fiber optic,No,No,No,No,No,Yes,Month-to-month,Yes,Electronic check,84.9,764.95,1,7-12 Months,0.753700980958222,High Risk,Immediate retention contact + personalized offer
Male,0,No,No,7,Yes,Yes,Fiber optic,No,No,No,No,No,Yes,Month-to-month,Yes,Electronic check,86.8,620.35,1,7-12 Months,0.7536675902272773,High Risk,Immediate retention contact + personalized offer
Female,0,No,No,1,Yes,Yes,Fiber optic,No,No,No,No,No,No,Month-to-month,Yes,Electronic check,74.5,74.5,1,0-6 Months,0.7534702821090189,High Risk,Immediate retention contact + personalized offer
Male,1,Yes,No,2,Yes,Yes,Fiber optic,No,No,No,No,Yes,No,Month-to-month,Yes,Mailed check,86.85,156.35,1,0-6 Months,0.7531919232705765,High Risk,Immediate retention contact + personalized offer
Female,0,No,No,6,Yes,No,Fiber optic,No,No,No,No,Yes,Yes,Month-to-month,Yes,Electronic check,89.5,573.3,1,0-6 Months,0.7527479046033317,High Risk,Immediate retention contact + personalized offer
Female,1,No,No,11,Yes,Yes,Fiber optic,No,No,No,No,Yes,Yes,Month-to-month,Yes,Bank transfer (automatic),95.15,997.65,1,7-12 Months,0.7526280334396094,High Risk,Immediate retention contact + personalized offer
Female,0,No,Yes,1,Yes,No,Fiber optic,No,No,No,No,Yes,Yes,Month-to-month,Yes,Electronic check,89.35,89.35,0,0-6 Months,0.7521858641358109,High Risk,Immediate retention contact + personalized offer
Female,0,Yes,No,3,Yes,Yes,Fiber optic,No,No,No,No,Yes,Yes,Month-to-month,No,Electronic check,94.9,273.2,0,0-6 Months,0.7511940732241655,High Risk,Immediate retention contact + personalized offer
Male,1,Yes,No,7,Yes,Yes,Fiber optic,No,No,No,No,No,No,Month-to-month,Yes,Electronic check,75.4,533.05,0,7-12 Months,0.7506582407082465,High Risk,Immediate retention contact + personalized offer
Male,0,No,No,1,Yes,Yes,Fiber optic,No,No,No,No,No,No,Month-to-month,Yes,Electronic check,75.45,75.45,1,0-6 Months,0.7500886230506536,High Risk,Immediate retention contact + personalized offer
Male,0,No,No,1,Yes,Yes,Fiber optic,No,No,No,No,No,No,Month-to-month,Yes,Electronic check,75.3,75.3,1,0-6 Months,0.7499258524348197,High Risk,Priority retention campaign + service engagement
Female,0,No,No,2,No,No phone service,DSL,No,No,No,No,Yes,Yes,Month-to-month,Yes,Electronic check,45.25,85.5,1,0-6 Months,0.7499014972578566,High Risk,Priority retention campaign + service engagement
Male,0,No,No,1,Yes,Yes,Fiber optic,No,No,No,No,No,No,Month-to-month,Yes,Electronic check,75.1,75.1,0,0-6 Months,0.7497087150541649,High Risk,Priority retention campaign + service engagement
Male,0,Yes,No,6,Yes,Yes,Fiber optic,No,No,No,No,Yes,No,Month-to-month,Yes,Electronic check,82.85,460.25,1,0-6 Months,0.749644292592485,High Risk,Priority retention campaign + service engagement
Male,0,No,No,1,Yes,Yes,Fiber optic,No,No,No,No,No,No,Month-to-month,Yes,Electronic check,74.95,74.95,1,0-6 Months,0.749545779618991,High Risk,Priority retention campaign + service engagement
Male,0,No,No,1,Yes,Yes,Fiber optic,No,No,No,No,No,No,Month-to-month,Yes,Electronic check,74.9,74.9,1,0-6 Months,0.7494914521151446,High Risk,Priority retention campaign + service engagement
Male,0,No,Yes,1,Yes,No,Fiber optic,No,No,No,No,Yes,Yes,Month-to-month,Yes,Electronic check,90.85,90.85,1,0-6 Months,0.7493907407101212,High Risk,Priority retention campaign + service engagement
Female,0,Yes,Yes,4,Yes,Yes,Fiber optic,No,No,No,No,No,Yes,Month-to-month,Yes,Electronic check,85.95,381.3,1,0-6 Months,0.7491935859496054,High Risk,Priority retention campaign + service engagement
Male,1,No,No,1,No,No phone service,DSL,No,No,Yes,No,No,Yes,Month-to-month,Yes,Electronic check,39.65,39.65,1,0-6 Months,0.7490619579236875,High Risk,Priority retention campaign + service engagement
Male,1,No,No,13,Yes,No,Fiber optic,No,No,No,No,Yes,Yes,Month-to-month,Yes,Electronic check,90.5,1201.15,1,13-24 Months,0.7489747407750953,High Risk,Priority retention campaign + service engagement
Female,1,No,No,1,Yes,No,Fiber optic,No,No,No,No,No,No,Month-to-month,Yes,Electronic check,71.25,71.25,0,0-6 Months,0.7489206649575633,High Risk,Priority retention campaign + service engagement
Female,0,Yes,Yes,4,Yes,Yes,Fiber optic,No,Yes,No,No,Yes,Yes,Month-to-month,Yes,Electronic check,97.95,384.5,1,0-6 Months,0.7488838630342743,High Risk,Priority retention campaign + service engagement
Female,0,No,No,2,Yes,Yes,Fiber optic,No,No,No,No,No,No,Month-to-month,Yes,Electronic check,75.55,166.3,1,0-6 Months,0.7488563181135776,High Risk,Priority retention campaign + service engagement
Male,1,No,No,22,Yes,Yes,Fiber optic,No,No,No,No,Yes,Yes,Month-to-month,Yes,Electronic check,96.7,2082.95,1,13-24 Months,0.7488448091508554,High Risk,Priority retention campaign + service engagement
Female,1,No,No,1,Yes,No,Fiber optic,No,No,No,No,No,No,Month-to-month,Yes,Electronic check,71.15,71.15,1,0-6 Months,0.7488118217800098,High Risk,Priority retention campaign + service engagement
Male,0,Yes,Yes,1,Yes,No,Fiber optic,No,No,No,No,Yes,Yes,Month-to-month,Yes,Electronic check,90.1,90.1,0,0-6 Months,0.7486280317749079,High Risk,Priority retention campaign + service engagement
Female,1,No,No,8,Yes,Yes,Fiber optic,No,No,No,No,No,No,Month-to-month,Yes,Electronic check,75.75,606.25,1,7-12 Months,0.7485579016974669,High Risk,Priority retention campaign + service engagement
Male,1,Yes,No,6,Yes,Yes,Fiber optic,No,No,Yes,No,No,No,Month-to-month,Yes,Electronic check,80.8,457.1,0,0-6 Months,0.748185190520858,High Risk,Priority retention campaign + service engagement
Female,1,No,No,1,Yes,No,Fiber optic,No,No,No,No,No,No,Month-to-month,Yes,Electronic check,70.55,70.55,1,0-6 Months,0.7481581045005297,High Risk,Priority retention campaign + service engagement
Female,0,No,No,2,Yes,Yes,Fiber optic,No,No,No,No,No,No,Month-to-month,Yes,Electronic check,75.9,143.35,1,0-6 Months,0.747818322428108,High Risk,Priority retention campaign + service engagement
Female,1,No,No,1,Yes,No,Fiber optic,No,No,No,No,No,No,Month-to-month,Yes,Electronic check,70.2,70.2,0,0-6 Months,0.7477762486101629,High Risk,Priority retention campaign + service engagement
Female,1,No,No,1,Yes,No,Fiber optic,No,No,No,No,No,No,Month-to-month,Yes,Electronic check,70.15,70.15,1,0-6 Months,0.7477216664576302,High Risk,Priority retention campaign + service engagement
Female,0,Yes,No,11,Yes,Yes,Fiber optic,No,Yes,No,No,Yes,Yes,Month-to-month,Yes,Electronic check,102.0,1145.35,1,7-12 Months,0.7476904365044365,High Risk,Priority retention campaign + service engagement
Male,1,No,No,6,Yes,No,Fiber optic,No,No,No,No,Yes,No,Month-to-month,Yes,Electronic check,79.7,497.6,0,0-6 Months,0.747584270042652,High Risk,Priority retention campaign + service engagement
Female,1,No,No,1,Yes,No,Fiber optic,No,No,No,No,No,No,Month-to-month,Yes,Electronic check,69.95,69.95,1,0-6 Months,0.7475032595939272,High Risk,Priority retention campaign + service engagement
Male,0,No,No,3,Yes,Yes,Fiber optic,No,No,Yes,No,Yes,Yes,Month-to-month,Yes,Bank transfer (automatic),101.55,298.35,1,0-6 Months,0.7474054624632814,High Risk,Priority retention campaign + service engagement
Female,1,No,No,1,Yes,No,Fiber optic,No,No,No,No,No,No,Month-to-month,Yes,Electronic check,69.85,69.85,1,0-6 Months,0.747394009218393,High Risk,Priority retention campaign + service engagement
Female,1,No,No,13,Yes,No,Fiber optic,No,No,Yes,No,Yes,Yes,Month-to-month,Yes,Electronic check,96.85,1235.55,0,13-24 Months,0.7473203828846033,High Risk,Priority retention campaign + service engagement
Female,0,No,No,6,Yes,No,Fiber optic,No,No,No,No,Yes,Yes,Month-to-month,Yes,Electronic check,91.1,455.3,1,0-6 Months,0.7472299650631764,High Risk,Priority retention campaign + service engagement
Male,1,Yes,No,7,Yes,Yes,Fiber optic,No,No,No,No,No,No,Month-to-month,Yes,Electronic check,74.85,485.25,0,7-12 Months,0.7471856172333322,High Risk,Priority retention campaign + service engagement
Female,1,No,No,1,Yes,No,Fiber optic,No,No,No,No,No,No,Month-to-month,Yes,Electronic check,69.65,69.65,1,0-6 Months,0.7471754146042241,High Risk,Priority retention campaign + service engagement
Female,1,No,No,1,Yes,No,Fiber optic,No,No,No,No,No,No,Month-to-month,Yes,Electronic check,69.6,69.6,1,0-6 Months,0.7471207463994209,High Risk,Priority retention campaign + service engagement
Female,1,No,No,1,Yes,No,Fiber optic,No,No,No,No,No,No,Month-to-month,Yes,Electronic check,69.6,69.6,1,0-6 Months,0.7471207463994209,High Risk,Priority retention campaign + service engagement
Female,1,Yes,No,1,Yes,No,Fiber optic,No,No,No,No,No,No,Month-to-month,Yes,Electronic check,69.55,69.55,1,0-6 Months,0.7471196450741391,High Risk,Priority retention campaign + service engagement
Male,0,No,Yes,4,Yes,Yes,Fiber optic,No,Yes,No,No,Yes,Yes,Month-to-month,Yes,Electronic check,101.7,364.55,1,0-6 Months,0.747023716488724,High Risk,Priority retention campaign + service engagement
Female,1,No,No,1,Yes,No,Fiber optic,No,No,No,No,No,No,Month-to-month,Yes,Electronic check,69.25,69.25,1,0-6 Months,0.7467378500601992,High Risk,Priority retention campaign + service engagement
Female,0,No,No,1,Yes,No,Fiber optic,No,No,No,No,No,Yes,Month-to-month,Yes,Electronic check,81.95,81.95,1,0-6 Months,0.7466240114557422,High Risk,Priority retention campaign + service engagement
Female,1,No,No,3,Yes,Yes,Fiber optic,No,Yes,No,No,No,No,Month-to-month,Yes,Electronic check,79.4,205.05,1,0-6 Months,0.7465714639793347,High Risk,Priority retention campaign + service engagement
Male,1,No,No,3,Yes,Yes,Fiber optic,No,Yes,No,No,No,No,Month-to-month,Yes,Electronic check,81.35,233.7,1,0-6 Months,0.7458712678073159,High Risk,Priority retention campaign + service engagement
Female,0,No,No,1,Yes,No,Fiber optic,No,No,No,No,No,Yes,Month-to-month,Yes,Electronic check,81.1,81.1,1,0-6 Months,0.7456922504095645,High Risk,Priority retention campaign + service engagement
Male,0,Yes,No,5,Yes,No,Fiber optic,No,No,Yes,No,Yes,Yes,Month-to-month,Yes,Electronic check,94.45,498.1,1,0-6 Months,0.7454706713901128,High Risk,Priority retention campaign + service engagement
Male,0,Yes,No,1,No,No phone service,DSL,No,No,Yes,No,Yes,Yes,Month-to-month,Yes,Electronic check,50.35,50.35,1,0-6 Months,0.7451936110391959,High Risk,Priority retention campaign + service engagement
Male,0,No,No,2,Yes,Yes,Fiber optic,No,No,No,No,No,No,Month-to-month,Yes,Electronic check,76.5,162.45,1,0-6 Months,0.7451379878349905,High Risk,Priority retention campaign + service engagement
Male,0,No,No,15,Yes,Yes,Fiber optic,No,No,No,No,Yes,Yes,Month-to-month,Yes,Electronic check,93.35,1444.65,1,13-24 Months,0.7451271168964234,High Risk,Priority retention campaign + service engagement
Male,1,No,No,1,Yes,No,Fiber optic,No,No,No,No,No,No,Month-to-month,Yes,Electronic check,71.65,71.65,1,0-6 Months,0.7448932679835777,High Risk,Priority retention campaign + service engagement
Female,0,No,No,1,Yes,No,Fiber optic,No,No,No,No,No,Yes,Month-to-month,Yes,Electronic check,79.7,79.7,1,0-6 Months,0.7441526707241239,High Risk,Priority retention campaign + service engagement
Male,1,No,No,20,Yes,Yes,Fiber optic,No,No,Yes,No,Yes,Yes,Month-to-month,Yes,Electronic check,98.55,1842.8,1,13-24 Months,0.7440061522780237,High Risk,Priority retention campaign + service engagement
Female,1,No,No,15,Yes,No,Fiber optic,No,No,No,No,Yes,Yes,Month-to-month,Yes,Electronic check,91.5,1400.3,0,13-24 Months,0.7439157765576293,High Risk,Priority retention campaign + service engagement
Male,0,No,No,8,Yes,Yes,Fiber optic,No,No,No,No,No,Yes,Month-to-month,Yes,Electronic check,86.55,649.65,1,7-12 Months,0.7438856346986095,High Risk,Priority retention campaign + service engagement
Male,1,Yes,No,1,Yes,No,Fiber optic,No,No,No,No,No,No,Month-to-month,Yes,Electronic check,70.3,70.3,1,0-6 Months,0.7434598031577989,High Risk,Priority retention campaign + service engagement
Female,0,Yes,No,3,Yes,Yes,Fiber optic,No,No,No,No,No,No,Month-to-month,Yes,Electronic check,75.85,256.6,1,0-6 Months,0.7433659103982414,High Risk,Priority retention campaign + service engagement
Male,1,No,No,1,Yes,No,Fiber optic,No,No,No,No,No,No,Month-to-month,Yes,Electronic check,70.05,70.05,0,0-6 Months,0.7431296249558685,High Risk,Priority retention campaign + service engagement
Female,0,No,No,1,Yes,No,Fiber optic,No,No,No,No,Yes,No,Month-to-month,Yes,Electronic check,80.25,80.25,1,0-6 Months,0.7431233820498668,High Risk,Priority retention campaign + service engagement
Female,0,No,No,9,Yes,Yes,Fiber optic,No,No,No,No,No,Yes,Month-to-month,Yes,Electronic check,83.3,803.3,1,7-12 Months,0.7430173204093722,High Risk,Priority retention campaign + service engagement
Male,1,No,No,3,Yes,Yes,Fiber optic,No,No,Yes,No,Yes,No,Month-to-month,No,Electronic check,91.05,289.1,1,0-6 Months,0.7428954675069789,High Risk,Priority retention campaign + service engagement
Male,1,No,No,1,Yes,No,Fiber optic,No,No,No,No,No,No,Month-to-month,Yes,Electronic check,69.75,69.75,1,0-6 Months,0.7427980551465787,High Risk,Priority retention campaign + service engagement
Male,1,No,No,1,Yes,No,Fiber optic,No,No,No,No,No,No,Month-to-month,Yes,Electronic check,69.65,69.65,1,0-6 Months,0.7426874697206362,High Risk,Priority retention campaign + service engagement
Female,0,No,No,3,Yes,Yes,Fiber optic,No,No,No,No,No,No,Month-to-month,Yes,Electronic check,75.8,246.3,1,0-6 Months,0.7426233557009663,High Risk,Priority retention campaign + service engagement
Female,0,Yes,No,2,Yes,Yes,Fiber optic,No,No,Yes,Yes,Yes,Yes,Month-to-month,Yes,Electronic check,104.4,242.8,1,0-6 Months,0.7426177677585561,High Risk,Priority retention campaign + service engagement
Male,0,No,No,5,Yes,Yes,Fiber optic,No,No,No,No,Yes,Yes,Month-to-month,Yes,Bank transfer (automatic),94.85,462.8,1,0-6 Months,0.7425755932434867,High Risk,Priority retention campaign + service engagement
Female,0,No,No,1,Yes,No,Fiber optic,No,No,No,No,Yes,No,Month-to-month,Yes,Electronic check,79.65,79.65,1,0-6 Months,0.7424599522252547,High Risk,Priority retention campaign + service engagement
Female,0,Yes,No,4,Yes,Yes,Fiber optic,No,Yes,No,No,Yes,No,Month-to-month,Yes,Electronic check,91.65,365.4,1,0-6 Months,0.7420583622652184,High Risk,Priority retention campaign + service engagement
Male,0,Yes,No,15,Yes,Yes,Fiber optic,No,No,Yes,No,Yes,Yes,Month-to-month,Yes,Electronic check,101.1,1504.05,1,13-24 Months,0.7420039035935523,High Risk,Priority retention campaign + service engagement
Female,1,No,No,2,Yes,No,Fiber optic,No,No,No,No,No,No,Month-to-month,Yes,Electronic check,70.65,142.35,1,0-6 Months,0.7412483784844811,High Risk,Priority retention campaign + service engagement
Male,0,No,No,1,Yes,No,Fiber optic,No,No,No,No,No,Yes,Month-to-month,Yes,Electronic check,80.8,80.8,1,0-6 Months,0.7408538944175184,High Risk,Priority retention campaign + service engagement
Female,1,No,No,2,Yes,No,Fiber optic,No,No,No,No,No,No,Month-to-month,Yes,Electronic check,70.35,139.05,1,0-6 Months,0.7407288936442509,High Risk,Priority retention campaign + service engagement
Female,0,No,No,3,Yes,Yes,Fiber optic,No,No,No,No,No,No,Month-to-month,Yes,Electronic check,75.5,220.6,1,0-6 Months,0.7407164428238486,High Risk,Priority retention campaign + service engagement
Female,1,Yes,No,2,Yes,No,Fiber optic,No,No,No,No,No,No,Month-to-month,Yes,Electronic check,69.3,153.8,0,0-6 Months,0.7405978481659156,High Risk,Priority retention campaign + service engagement
Female,0,No,No,4,Yes,Yes,Fiber optic,No,Yes,No,No,No,Yes,Month-to-month,Yes,Electronic check,88.95,355.2,1,0-6 Months,0.7401870178548566,High Risk,Priority retention campaign + service engagement
Female,0,No,No,3,Yes,Yes,Fiber optic,No,No,No,No,No,No,Month-to-month,Yes,Electronic check,74.95,212.4,0,0-6 Months,0.7396283498044833,High Risk,Priority retention campaign + service engagement
Female,1,No,No,2,Yes,No,Fiber optic,No,No,No,No,No,No,Month-to-month,Yes,Electronic check,69.6,131.65,1,0-6 Months,0.7394801942636293,High Risk,Priority retention campaign + service engagement
Male,0,No,No,7,Yes,Yes,Fiber optic,No,No,Yes,No,Yes,No,Month-to-month,Yes,Electronic check,90.45,593.45,1,7-12 Months,0.7393714880810582,High Risk,Priority retention campaign + service engagement
Male,0,No,No,1,Yes,No,Fiber optic,No,No,No,No,No,Yes,Month-to-month,Yes,Electronic check,79.25,79.25,1,0-6 Months,0.7391279084435132,High Risk,Priority retention campaign + service engagement
Male,0,Yes,No,1,Yes,No,Fiber optic,No,No,No,No,Yes,No,Month-to-month,Yes,Electronic check,80.55,80.55,1,0-6 Months,0.7389784597693174,High Risk,Priority retention campaign + service engagement
Male,0,No,No,1,Yes,No,Fiber optic,No,No,No,No,Yes,No,Month-to-month,Yes,Electronic check,80.55,80.55,0,0-6 Months,0.7389237630076543,High Risk,Priority retention campaign + service engagement
Female,0,No,No,6,Yes,Yes,Fiber optic,No,No,No,No,Yes,Yes,Month-to-month,Yes,Bank transfer (automatic),93.55,536.4,1,0-6 Months,0.738773916932279,High Risk,Priority retention campaign + service engagement
Female,0,No,No,3,Yes,Yes,Fiber optic,No,No,No,No,No,No,Month-to-month,Yes,Electronic check,74.25,210.3,1,0-6 Months,0.7387600145666996,High Risk,Priority retention campaign + service engagement
Male,0,No,No,9,Yes,Yes,Fiber optic,No,No,No,No,Yes,No,Month-to-month,Yes,Electronic check,85.5,791.7,0,7-12 Months,0.738420782535592,High Risk,Priority retention campaign + service engagement
Female,1,Yes,No,24,Yes,Yes,Fiber optic,No,No,No,No,Yes,Yes,Month-to-month,Yes,Electronic check,93.55,2264.05,1,13-24 Months,0.7383672200009339,High Risk,Priority retention campaign + service engagement
Female,0,No,No,3,Yes,No,Fiber optic,No,Yes,No,No,Yes,Yes,Month-to-month,Yes,Electronic check,95.1,307.4,1,0-6 Months,0.7382671302280402,High Risk,Priority retention campaign + service engagement
Male,0,No,No,1,Yes,No,Fiber optic,No,No,No,No,Yes,No,Month-to-month,Yes,Electronic check,79.95,79.95,1,0-6 Months,0.7382533072429511,High Risk,Priority retention campaign + service engagement
Male,0,No,No,3,Yes,Yes,Fiber optic,No,No,No,No,No,No,Month-to-month,Yes,Electronic check,76.95,228.4,1,0-6 Months,0.738178264934925,High Risk,Priority retention campaign + service engagement
Female,0,No,No,7,Yes,No,Fiber optic,No,No,Yes,No,Yes,Yes,Month-to-month,Yes,Electronic check,95.35,660.9,1,7-12 Months,0.7379383985792711,High Risk,Priority retention campaign + service engagement
Male,0,No,No,1,Yes,No,Fiber optic,No,No,No,No,Yes,No,Month-to-month,Yes,Electronic check,79.55,79.55,1,0-6 Months,0.7378057198187886,High Risk,Priority retention campaign + service engagement
Male,0,No,No,1,Yes,No,Fiber optic,No,No,No,No,Yes,No,Month-to-month,Yes,Electronic check,79.5,79.5,1,0-6 Months,0.7377497367128819,High Risk,Priority retention campaign + service engagement
Female,1,No,No,11,Yes,No,Fiber optic,No,Yes,No,No,Yes,Yes,Month-to-month,Yes,Electronic check,95.0,1120.3,1,7-12 Months,0.7377223144540984,High Risk,Priority retention campaign + service engagement
Male,0,No,No,4,Yes,Yes,Fiber optic,No,Yes,No,No,No,Yes,Month-to-month,Yes,Electronic check,90.05,368.1,1,0-6 Months,0.7375946658060817,High Risk,Priority retention campaign + service engagement
Female,1,No,No,16,Yes,Yes,Fiber optic,No,No,No,No,Yes,No,Month-to-month,Yes,Electronic check,84.75,1350.15,1,13-24 Months,0.7374650876503676,High Risk,Priority retention campaign + service engagement
Female,1,No,No,7,Yes,No,Fiber optic,No,No,Yes,No,Yes,No,Month-to-month,Yes,Electronic check,84.35,609.65,0,7-12 Months,0.7374392067525186,High Risk,Priority retention campaign + service engagement
Male,0,No,No,1,Yes,No,Fiber optic,No,No,No,No,Yes,No,Month-to-month,Yes,Electronic check,79.05,79.05,1,0-6 Months,0.7372455421844083,High Risk,Priority retention campaign + service engagement
Male,0,No,No,1,Yes,No,Fiber optic,No,No,No,No,Yes,No,Month-to-month,Yes,Electronic check,78.95,78.95,1,0-6 Months,0.7371334142708077,High Risk,Priority retention campaign + service engagement
Female,0,No,No,5,Yes,Yes,Fiber optic,No,No,No,No,Yes,Yes,Month-to-month,Yes,Mailed check,93.9,486.85,1,0-6 Months,0.7369199567678706,High Risk,Priority retention campaign + service engagement
Female,1,No,No,9,Yes,Yes,Fiber optic,No,No,No,No,No,No,Month-to-month,Yes,Electronic check,74.55,622.9,1,7-12 Months,0.7368473718758722,High Risk,Priority retention campaign + service engagement
Female,0,No,No,2,Yes,No,Fiber optic,No,No,No,No,Yes,No,Month-to-month,Yes,Electronic check,79.75,164.5,1,0-6 Months,0.7362697050410737,High Risk,Priority retention campaign + service engagement
Female,0,No,Yes,2,Yes,Yes,Fiber optic,No,No,No,No,Yes,Yes,Month-to-month,Yes,Bank transfer (automatic),94.2,193.8,1,0-6 Months,0.736249577742992,High Risk,Priority retention campaign + service engagement
Male,0,No,No,9,Yes,Yes,Fiber optic,No,No,No,No,Yes,No,Month-to-month,Yes,Electronic check,85.35,758.6,1,7-12 Months,0.7361881606654546,High Risk,Priority retention campaign + service engagement
Female,1,No,No,12,Yes,Yes,Fiber optic,No,Yes,No,No,Yes,No,Month-to-month,Yes,Electronic check,91.3,1094.5,1,7-12 Months,0.7359685390107947,High Risk,Priority retention campaign + service engagement
Female,0,No,No,2,Yes,No,Fiber optic,No,No,No,No,Yes,No,Month-to-month,Yes,Electronic check,80.65,144.15,1,0-6 Months,0.7359462064901419,High Risk,Priority retention campaign + service engagement
Female,0,No,No,2,Yes,No,Fiber optic,No,No,No,No,Yes,No,Month-to-month,Yes,Electronic check,80.2,146.05,1,0-6 Months,0.7355876712688034,High Risk,Priority retention campaign + service engagement
Female,1,Yes,No,5,Yes,Yes,Fiber optic,No,Yes,No,No,No,No,Month-to-month,Yes,Electronic check,81.0,371.65,1,0-6 Months,0.7355743478435899,High Risk,Priority retention campaign + service engagement
Male,0,No,No,3,Yes,Yes,Fiber optic,No,No,No,No,No,No,Month-to-month,Yes,Electronic check,74.4,229.55,1,0-6 Months,0.7355488140043936,High Risk,Priority retention campaign + service engagement
Male,1,No,No,9,Yes,Yes,Fiber optic,No,No,No,No,No,No,Month-to-month,Yes,Electronic check,74.05,678.45,0,7-12 Months,0.7352187620866878,High Risk,Priority retention campaign + service engagement
Female,0,No,No,5,Yes,Yes,Fiber optic,No,Yes,No,No,Yes,No,Month-to-month,Yes,Electronic check,90.8,455.5,1,0-6 Months,0.7351272933417655,High Risk,Priority retention campaign + service engagement
Female,1,No,No,3,Yes,No,Fiber optic,No,No,No,No,No,No,Month-to-month,Yes,Electronic check,70.3,235.5,1,0-6 Months,0.735083441165368,High Risk,Priority retention campaign + service engagement
Male,0,No,No,2,Yes,No,Fiber optic,No,No,No,No,No,Yes,Month-to-month,Yes,Electronic check,80.95,171.15,1,0-6 Months,0.7350387491159593,High Risk,Priority retention campaign + service engagement
Male,0,No,No,2,No,No phone service,DSL,No,No,Yes,No,Yes,Yes,Month-to-month,Yes,Electronic check,49.25,90.35,1,0-6 Months,0.7349077517487324,High Risk,Priority retention campaign + service engagement
Male,0,No,No,2,Yes,No,Fiber optic,No,No,No,No,No,Yes,Month-to-month,Yes,Electronic check,80.2,181.1,1,0-6 Months,0.7348674604365462,High Risk,Priority retention campaign + service engagement
Female,1,No,No,9,Yes,No,Fiber optic,No,No,No,No,Yes,No,Month-to-month,Yes,Electronic check,80.85,751.65,1,7-12 Months,0.7344853268543388,High Risk,Priority retention campaign + service engagement
Female,0,No,No,4,Yes,Yes,Fiber optic,No,No,No,No,No,No,Month-to-month,Yes,Electronic check,75.65,302.35,0,0-6 Months,0.7343569687713138,High Risk,Priority retention campaign + service engagement
Female,0,No,No,1,Yes,No,Fiber optic,No,No,Yes,No,Yes,No,Month-to-month,Yes,Electronic check,85.45,85.45,1,0-6 Months,0.7338288931077421,High Risk,Priority retention campaign + service engagement
Male,1,No,No,8,Yes,Yes,Fiber optic,No,No,Yes,No,No,No,Month-to-month,Yes,Electronic check,81.25,585.95,1,7-12 Months,0.7335240229015798,High Risk,Priority retention campaign + service engagement
Male,1,No,No,3,No,No phone service,DSL,No,No,Yes,No,No,Yes,Month-to-month,Yes,Electronic check,41.15,132.2,1,0-6 Months,0.7333162339525707,High Risk,Priority retention campaign + service engagement
Female,1,No,No,3,Yes,No,Fiber optic,No,No,No,No,No,No,Month-to-month,Yes,Electronic check,70.4,204.7,1,0-6 Months,0.7332455575641684,High Risk,Priority retention campaign + service engagement
Male,0,No,No,2,Yes,No,Fiber optic,No,No,No,No,Yes,No,Month-to-month,Yes,Electronic check,79.95,174.45,0,0-6 Months,0.7325033487372915,High Risk,Priority retention campaign + service engagement
Male,0,Yes,No,10,Yes,Yes,Fiber optic,No,No,No,No,No,Yes,Month-to-month,Yes,Electronic check,85.25,855.3,1,7-12 Months,0.73218401742842,High Risk,Priority retention campaign + service engagement
Male,0,No,No,4,Yes,Yes,Fiber optic,No,No,No,No,No,No,Month-to-month,Yes,Electronic check,76.05,318.9,1,0-6 Months,0.7312081706451329,High Risk,Priority retention campaign + service engagement
Male,0,No,No,2,Yes,No,Fiber optic,No,No,No,No,Yes,No,Month-to-month,Yes,Electronic check,80.25,144.55,1,0-6 Months,0.73092639548847,High Risk,Priority retention campaign + service engagement
Female,1,No,No,5,Yes,Yes,Fiber optic,No,No,No,No,Yes,No,Month-to-month,Yes,Credit card (automatic),83.15,446.05,1,0-6 Months,0.7309201751240412,High Risk,Priority retention campaign + service engagement
Male,1,No,No,16,Yes,Yes,Fiber optic,No,No,No,No,Yes,No,Month-to-month,Yes,Electronic check,86.6,1281.0,1,13-24 Months,0.7304592382317507,High Risk,Priority retention campaign + service engagement
Female,1,No,No,13,Yes,Yes,Fiber optic,Yes,No,No,No,Yes,Yes,Month-to-month,Yes,Electronic check,100.8,1308.1,1,13-24 Months,0.7302301494164878,High Risk,Priority retention campaign + service engagement
Female,0,No,No,3,Yes,No,Fiber optic,No,No,No,No,Yes,No,Month-to-month,Yes,Electronic check,80.5,232.35,0,0-6 Months,0.7296007085829941,High Risk,Priority retention campaign + service engagement
Female,0,No,No,3,Yes,No,Fiber optic,No,No,No,No,Yes,No,Month-to-month,Yes,Electronic check,79.4,244.65,1,0-6 Months,0.7291997339465208,High Risk,Priority retention campaign + service engagement
Female,0,No,No,5,Yes,No,Fiber optic,No,Yes,No,No,Yes,Yes,Month-to-month,Yes,Electronic check,96.25,512.45,1,0-6 Months,0.7289613100197693,High Risk,Priority retention campaign + service engagement
Male,0,Yes,No,4,Yes,Yes,Fiber optic,No,No,No,No,No,No,Month-to-month,Yes,Electronic check,74.65,301.4,1,0-6 Months,0.728640086227183,High Risk,Priority retention campaign + service engagement
Female,0,Yes,No,6,Yes,Yes,Fiber optic,No,Yes,No,No,No,Yes,Month-to-month,Yes,Electronic check,90.75,512.25,0,0-6 Months,0.7286188241130455,High Risk,Priority retention campaign + service engagement
Male,0,No,No,1,Yes,No,Fiber optic,No,No,Yes,No,Yes,No,Month-to-month,Yes,Electronic check,84.85,84.85,1,0-6 Months,0.7285036322765499,High Risk,Priority retention campaign + service engagement
Female,0,No,No,6,Yes,Yes,Fiber optic,No,Yes,No,No,Yes,No,Month-to-month,Yes,Electronic check,89.75,552.65,0,0-6 Months,0.7283694251704423,High Risk,Priority retention campaign + service engagement
Male,0,Yes,No,10,Yes,Yes,Fiber optic,No,No,No,No,Yes,No,Month-to-month,Yes,Electronic check,85.6,813.85,1,7-12 Months,0.7282285274925875,High Risk,Priority retention campaign + service engagement
Male,0,No,No,12,Yes,Yes,Fiber optic,No,Yes,Yes,No,Yes,Yes,Month-to-month,Yes,Electronic check,106.7,1253.9,1,7-12 Months,0.7280756019726358,High Risk,Priority retention campaign + service engagement
Male,1,No,No,9,Yes,No,Fiber optic,No,No,No,No,No,Yes,Month-to-month,Yes,Electronic check,79.55,718.55,0,7-12 Months,0.7280301657743611,High Risk,Priority retention campaign + service engagement
Female,0,No,No,12,Yes,Yes,Fiber optic,No,No,No,No,No,Yes,Month-to-month,Yes,Electronic check,86.55,1066.9,0,7-12 Months,0.7279773469230569,High Risk,Priority retention campaign + service engagement
Male,0,No,No,3,Yes,No,Fiber optic,No,No,No,No,No,Yes,Month-to-month,Yes,Electronic check,80.35,253.8,0,0-6 Months,0.7278375930999329,High Risk,Priority retention campaign + service engagement
Female,1,No,No,2,Yes,Yes,Fiber optic,No,Yes,No,No,No,Yes,Month-to-month,No,Electronic check,89.5,161.5,1,0-6 Months,0.7272258078147398,High Risk,Priority retention campaign + service engagement
Male,1,Yes,No,2,Yes,No,Fiber optic,No,No,Yes,No,Yes,Yes,Month-to-month,Yes,Credit card (automatic),95.5,181.65,0,0-6 Months,0.7271883928014006,High Risk,Priority retention campaign + service engagement
Male,0,Yes,No,18,Yes,Yes,Fiber optic,No,No,No,No,Yes,Yes,Month-to-month,Yes,Electronic check,94.75,1691.9,0,13-24 Months,0.7271776400468853,High Risk,Priority retention campaign + service engagement
Male,0,No,No,4,No,No phone service,DSL,No,No,No,No,Yes,Yes,Month-to-month,Yes,Electronic check,44.55,174.3,1,0-6 Months,0.7269357038325216,High Risk,Priority retention campaign + service engagement
Male,0,Yes,No,18,Yes,Yes,Fiber optic,No,No,No,No,Yes,Yes,Month-to-month,Yes,Electronic check,94.7,1687.95,1,13-24 Months,0.7268698329606023,High Risk,Priority retention campaign + service engagement
Female,0,No,No,6,Yes,Yes,Fiber optic,No,Yes,No,No,Yes,No,Month-to-month,Yes,Electronic check,90.1,521.3,1,0-6 Months,0.7267382984767582,High Risk,Priority retention campaign + service engagement
Male,1,No,No,21,Yes,Yes,Fiber optic,No,Yes,Yes,No,Yes,Yes,Month-to-month,Yes,Electronic check,104.35,2271.85,0,13-24 Months,0.7263101745673941,High Risk,Priority retention campaign + service engagement
Female,0,No,No,21,Yes,Yes,Fiber optic,No,No,No,No,Yes,Yes,Month-to-month,Yes,Electronic check,97.35,2119.5,1,13-24 Months,0.72628612873718,High Risk,Priority retention campaign + service engagement
Male,0,No,No,4,Yes,Yes,Fiber optic,No,No,No,No,No,No,Month-to-month,Yes,Electronic check,74.35,265.35,1,0-6 Months,0.7259457867726797,High Risk,Priority retention campaign + service engagement
Male,0,No,No,8,Yes,No,Fiber optic,No,No,Yes,No,Yes,Yes,Month-to-month,Yes,Electronic check,94.7,740.3,1,7-12 Months,0.7258514747549382,High Risk,Priority retention campaign + service engagement
Female,1,Yes,No,12,Yes,Yes,Fiber optic,No,Yes,Yes,No,Yes,No,Month-to-month,Yes,Electronic check,98.1,1060.2,1,7-12 Months,0.7257643610281902,High Risk,Priority retention campaign + service engagement
Female,1,No,No,1,Yes,Yes,Fiber optic,No,No,No,No,No,No,Month-to-month,Yes,Mailed check,74.45,74.45,1,0-6 Months,0.7254957430963286,High Risk,Priority retention campaign + service engagement
Female,1,No,No,8,Yes,Yes,Fiber optic,No,No,No,No,No,Yes,Month-to-month,No,Electronic check,85.2,695.75,0,7-12 Months,0.7252169481614127,High Risk,Priority retention campaign + service engagement
Female,1,No,No,1,No,No phone service,DSL,No,No,No,No,No,No,Month-to-month,Yes,Electronic check,25.2,25.2,1,0-6 Months,0.7251634570239841,High Risk,Priority retention campaign + service engagement
Male,1,Yes,No,2,Yes,No,Fiber optic,No,No,Yes,No,No,No,Month-to-month,Yes,Electronic check,74.2,140.1,0,0-6 Months,0.7250348237025048,High Risk,Priority retention campaign + service engagement
Female,0,No,No,13,Yes,Yes,Fiber optic,No,No,No,No,No,Yes,Month-to-month,Yes,Electronic check,85.95,1215.65,0,13-24 Months,0.7249413563718017,High Risk,Priority retention campaign + service engagement
Female,1,Yes,No,1,No,No phone service,DSL,No,No,No,No,No,No,Month-to-month,Yes,Electronic check,24.8,24.8,1,0-6 Months,0.7247583993736741,High Risk,Priority retention campaign + service engagement
Male,0,No,No,2,Yes,No,Fiber optic,No,No,Yes,No,No,Yes,Month-to-month,Yes,Electronic check,85.85,167.3,1,0-6 Months,0.7246494835981266,High Risk,Priority retention campaign + service engagement
Male,0,No,No,7,Yes,Yes,Fiber optic,No,No,No,No,Yes,Yes,Month-to-month,No,Electronic check,96.2,639.7,0,7-12 Months,0.7243763212138926,High Risk,Priority retention campaign + service engagement
Male,1,Yes,No,1,Yes,Yes,Fiber optic,No,No,No,No,No,No,Month-to-month,No,Electronic check,74.3,74.3,0,0-6 Months,0.724277992921616,High Risk,Priority retention campaign + service engagement
Male,0,No,No,14,Yes,Yes,Fiber optic,No,Yes,No,No,Yes,Yes,Month-to-month,Yes,Electronic check,100.55,1415.55,1,13-24 Months,0.7234333508528787,High Risk,Priority retention campaign + service engagement
Female,1,No,No,5,Yes,No,Fiber optic,No,Yes,No,No,Yes,No,Month-to-month,Yes,Electronic check,84.7,392.5,0,0-6 Months,0.7234321404761731,High Risk,Priority retention campaign + service engagement
Female,0,No,No,1,Yes,Yes,Fiber optic,No,No,No,No,No,Yes,Month-to-month,Yes,Mailed check,85.45,85.45,1,0-6 Months,0.7234115888957849,High Risk,Priority retention campaign + service engagement
Male,0,No,No,3,Yes,No,Fiber optic,No,No,No,No,Yes,No,Month-to-month,Yes,Electronic check,78.5,242.05,1,0-6 Months,0.7233594590759467,High Risk,Priority retention campaign + service engagement
Female,0,No,No,4,Yes,No,Fiber optic,No,No,No,No,No,Yes,Month-to-month,Yes,Electronic check,79.15,317.25,1,0-6 Months,0.7233518148160738,High Risk,Priority retention campaign + service engagement
Male,0,No,No,7,Yes,Yes,Fiber optic,No,No,Yes,No,Yes,Yes,Month-to-month,Yes,Bank transfer (automatic),98.05,713.0,1,7-12 Months,0.7229933046475056,High Risk,Priority retention campaign + service engagement
Male,1,No,No,4,Yes,No,Fiber optic,No,No,No,No,No,No,Month-to-month,Yes,Electronic check,70.65,293.85,0,0-6 Months,0.7226447089932608,High Risk,Priority retention campaign + service engagement
Male,1,No,No,5,Yes,No,Fiber optic,No,Yes,No,No,No,Yes,Month-to-month,Yes,Electronic check,85.55,408.5,0,0-6 Months,0.722386976256595,High Risk,Priority retention campaign + service engagement
Male,0,No,No,10,Yes,No,Fiber optic,No,No,Yes,No,Yes,Yes,Month-to-month,Yes,Electronic check,94.9,1048.85,1,7-12 Months,0.7219878052745101,High Risk,Priority retention campaign + service engagement
Male,1,Yes,No,4,Yes,No,Fiber optic,No,No,No,No,No,No,Month-to-month,Yes,Electronic check,70.2,280.35,0,0-6 Months,0.7213315231984078,High Risk,Priority retention campaign + service engagement
Female,0,No,No,1,No,No phone service,DSL,No,No,No,No,Yes,No,Month-to-month,Yes,Electronic check,35.75,35.75,1,0-6 Months,0.7208321940022906,High Risk,Priority retention campaign + service engagement
Male,0,Yes,Yes,1,Yes,Yes,Fiber optic,No,No,No,No,No,No,Month-to-month,Yes,Electronic check,74.5,74.5,1,0-6 Months,0.7206386730413951,High Risk,Priority retention campaign + service engagement
Female,0,No,No,11,Yes,Yes,Fiber optic,No,No,Yes,No,Yes,No,Month-to-month,Yes,Electronic check,89.2,990.3,0,7-12 Months,0.7205913134660273,High Risk,Priority retention campaign + service engagement
Female,0,No,No,4,Yes,No,Fiber optic,No,No,No,No,Yes,No,Month-to-month,Yes,Electronic check,79.0,303.15,1,0-6 Months,0.720548923676606,High Risk,Priority retention campaign + service engagement
Male,1,No,No,10,Yes,No,Fiber optic,No,No,No,No,No,Yes,Month-to-month,Yes,Electronic check,79.25,793.55,1,7-12 Months,0.7205427050826338,High Risk,Priority retention campaign + service engagement
Male,0,No,No,4,Yes,No,Fiber optic,No,No,No,No,Yes,No,Month-to-month,Yes,Electronic check,81.0,340.85,1,0-6 Months,0.720448909269928,High Risk,Priority retention campaign + service engagement
Male,0,No,Yes,1,Yes,Yes,Fiber optic,No,No,No,No,No,No,Month-to-month,Yes,Electronic check,74.35,74.35,1,0-6 Months,0.720406760952842,High Risk,Priority retention campaign + service engagement
Male,1,No,No,1,No,No phone service,DSL,No,No,No,No,No,No,Month-to-month,Yes,Electronic check,25.1,25.1,1,0-6 Months,0.7203143938025308,High Risk,Priority retention campaign + service engagement
Female,0,No,No,1,Yes,Yes,Fiber optic,No,Yes,No,No,Yes,Yes,Month-to-month,Yes,Credit card (automatic),100.25,100.25,1,0-6 Months,0.7203020617446858,High Risk,Priority retention campaign + service engagement
Female,1,No,Yes,1,Yes,No,Fiber optic,No,No,No,No,No,No,Month-to-month,Yes,Electronic check,71.0,71.0,1,0-6 Months,0.7201445315953975,High Risk,Priority retention campaign + service engagement
Female,1,No,No,2,Yes,Yes,Fiber optic,No,No,No,No,No,No,Month-to-month,Yes,Mailed check,75.45,158.4,1,0-6 Months,0.7199857141199613,High Risk,Priority retention campaign + service engagement
Female,1,No,No,2,Yes,No,Fiber optic,No,No,No,No,No,Yes,Month-to-month,Yes,Bank transfer (automatic),79.75,159.4,1,0-6 Months,0.719939110769378,High Risk,Priority retention campaign + service engagement
Male,0,No,No,4,Yes,No,Fiber optic,No,No,No,No,No,Yes,Month-to-month,Yes,Electronic check,79.9,324.3,1,0-6 Months,0.7198882852437444,High Risk,Priority retention campaign + service engagement
Male,0,No,No,10,Yes,No,Fiber optic,No,No,No,No,Yes,Yes,Month-to-month,Yes,Electronic check,89.5,863.1,1,7-12 Months,0.7197001009732781,High Risk,Priority retention campaign + service engagement
Female,0,No,No,1,No,No phone service,DSL,No,No,No,No,Yes,No,Month-to-month,Yes,Electronic check,34.7,34.7,1,0-6 Months,0.7196076834231212,High Risk,Priority retention campaign + service engagement
Male,0,No,No,1,Yes,Yes,Fiber optic,No,No,No,No,Yes,No,Month-to-month,No,Electronic check,84.5,84.5,1,0-6 Months,0.7194723358105926,High Risk,Priority retention campaign + service engagement
Male,1,No,No,26,Yes,Yes,Fiber optic,No,No,No,No,Yes,Yes,Month-to-month,Yes,Electronic check,93.6,2404.1,0,25-48 Months,0.7188847469628309,High Risk,Priority retention campaign + service engagement
Male,0,No,No,12,Yes,Yes,Fiber optic,No,No,No,No,Yes,No,Month-to-month,Yes,Electronic check,84.45,1059.55,1,7-12 Months,0.7187622199782523,High Risk,Priority retention campaign + service engagement
Female,0,No,No,5,Yes,No,Fiber optic,No,No,No,No,No,Yes,Month-to-month,Yes,Electronic check,80.0,412.5,1,0-6 Months,0.7183895451473467,High Risk,Priority retention campaign + service engagement
Male,1,No,No,23,Yes,Yes,Fiber optic,No,Yes,Yes,No,Yes,Yes,Month-to-month,Yes,Electronic check,106.4,2483.5,1,13-24 Months,0.718171995510835,High Risk,Priority retention campaign + service engagement
Female,1,Yes,Yes,1,Yes,No,Fiber optic,No,No,No,No,No,No,Month-to-month,Yes,Electronic check,69.25,69.25,1,0-6 Months,0.7181561935947319,High Risk,Priority retention campaign + service engagement
Male,0,No,No,9,Yes,No,Fiber optic,No,No,Yes,No,Yes,Yes,Month-to-month,Yes,Electronic check,94.05,811.65,0,7-12 Months,0.7177009730338376,High Risk,Priority retention campaign + service engagement
Male,0,Yes,No,4,Yes,No,Fiber optic,No,No,No,No,Yes,No,Month-to-month,Yes,Electronic check,80.35,307.4,1,0-6 Months,0.7176026154786359,High Risk,Priority retention campaign + service engagement
Male,0,No,No,1,No,No phone service,DSL,No,No,No,No,No,Yes,Month-to-month,Yes,Electronic check,35.55,35.55,1,0-6 Months,0.7175615118138059,High Risk,Priority retention campaign + service engagement
Male,0,No,No,1,No,No phone service,DSL,No,No,No,No,No,Yes,Month-to-month,Yes,Electronic check,35.45,35.45,1,0-6 Months,0.7174442032928326,High Risk,Priority retention campaign + service engagement
Female,0,No,No,9,Yes,Yes,Fiber optic,No,No,No,No,Yes,Yes,Month-to-month,No,Electronic check,94.4,857.25,1,7-12 Months,0.7171152977801937,High Risk,Priority retention campaign + service engagement
Female,1,Yes,No,5,Yes,No,Fiber optic,No,No,No,No,No,No,Month-to-month,Yes,Electronic check,69.35,341.6,0,0-6 Months,0.7170239325500404,High Risk,Priority retention campaign + service engagement
Female,0,No,No,13,Yes,Yes,Fiber optic,No,No,No,No,No,Yes,Month-to-month,Yes,Electronic check,84.6,1115.2,1,13-24 Months,0.7169201998228829,High Risk,Priority retention campaign + service engagement
Female,1,No,No,1,Yes,No,Fiber optic,No,No,No,No,Yes,No,Month-to-month,No,Electronic check,78.45,78.45,1,0-6 Months,0.7160431064167987,High Risk,Priority retention campaign + service engagement
Male,1,Yes,No,6,Yes,No,Fiber optic,No,Yes,No,No,No,Yes,Month-to-month,Yes,Electronic check,84.2,519.15,1,0-6 Months,0.7160425814680431,High Risk,Priority retention campaign + service engagement
Male,0,No,No,1,Yes,Yes,Fiber optic,No,No,No,No,Yes,No,Month-to-month,Yes,Mailed check,84.65,84.65,1,0-6 Months,0.7159815906909586,High Risk,Priority retention campaign + service engagement
Male,0,No,No,6,Yes,Yes,Fiber optic,No,No,No,No,No,No,Month-to-month,Yes,Electronic check,74.9,469.8,1,0-6 Months,0.715664101441861,High Risk,Priority retention campaign + service engagement
Female,0,No,No,15,Yes,Yes,Fiber optic,No,Yes,No,No,Yes,Yes,Month-to-month,Yes,Electronic check,100.15,1415.0,0,13-24 Months,0.7155908602407162,High Risk,Priority retention campaign + service engagement
Female,0,No,No,1,Yes,No,Fiber optic,No,No,No,No,Yes,Yes,Month-to-month,No,Electronic check,90.6,90.6,1,0-6 Months,0.7152728952264463,High Risk,Priority retention campaign + service engagement
Female,0,No,Yes,1,Yes,No,Fiber optic,No,No,No,No,No,Yes,Month-to-month,Yes,Electronic check,79.6,79.6,1,0-6 Months,0.7152148599372026,High Risk,Priority retention campaign + service engagement
Female,0,No,No,1,Yes,No,Fiber optic,No,No,No,No,Yes,Yes,Month-to-month,No,Electronic check,90.55,90.55,1,0-6 Months,0.7152139580255161,High Risk,Priority retention campaign + service engagement
Female,0,No,No,7,Yes,Yes,Fiber optic,No,No,No,No,No,No,Month-to-month,Yes,Electronic check,75.35,564.65,0,7-12 Months,0.7149805511560023,High Risk,Priority retention campaign + service engagement
Male,0,No,No,1,Yes,Yes,Fiber optic,No,Yes,No,No,No,No,Month-to-month,Yes,Electronic check,79.15,79.15,1,0-6 Months,0.7148830468730094,High Risk,Priority retention campaign + service engagement
Male,1,No,No,9,Yes,Yes,Fiber optic,No,Yes,No,No,Yes,Yes,Month-to-month,Yes,Credit card (automatic),99.45,919.4,1,7-12 Months,0.7145772288886538,High Risk,Priority retention campaign + service engagement
Male,1,No,No,2,Yes,Yes,Fiber optic,No,No,No,No,No,No,Month-to-month,Yes,Mailed check,74.85,156.4,1,0-6 Months,0.7143988557975101,High Risk,Priority retention campaign + service engagement
Male,0,Yes,No,6,Yes,Yes,Fiber optic,No,No,No,No,No,No,Month-to-month,Yes,Electronic check,75.5,438.0,1,0-6 Months,0.7142936682093126,High Risk,Priority retention campaign + service engagement
Male,1,No,No,1,No,No phone service,DSL,No,Yes,Yes,No,No,Yes,Month-to-month,Yes,Electronic check,43.3,43.3,1,0-6 Months,0.7137078191048803,High Risk,Priority retention campaign + service engagement
Male,0,No,No,3,Yes,Yes,Fiber optic,No,Yes,Yes,No,Yes,Yes,Month-to-month,Yes,Bank transfer (automatic),105.35,323.25,1,0-6 Months,0.7134830687408016,High Risk,Priority retention campaign + service engagement
Male,1,No,No,24,Yes,Yes,Fiber optic,No,Yes,No,No,Yes,Yes,Month-to-month,Yes,Electronic check,101.25,2440.15,1,13-24 Months,0.71327745539034,High Risk,Priority retention campaign + service engagement
Female,0,No,Yes,1,Yes,No,Fiber optic,No,No,No,No,Yes,No,Month-to-month,Yes,Electronic check,79.35,79.35,1,0-6 Months,0.7131677010616159,High Risk,Priority retention campaign + service engagement
Male,1,Yes,No,1,Yes,Yes,Fiber optic,Yes,No,No,No,No,No,Month-to-month,Yes,Electronic check,80.3,80.3,1,0-6 Months,0.7130097263516362,High Risk,Priority retention campaign + service engagement
Female,1,Yes,No,2,Yes,Yes,Fiber optic,No,No,Yes,No,No,No,Month-to-month,No,Electronic check,79.2,172.85,1,0-6 Months,0.7129413269674506,High Risk,Priority retention campaign + service engagement
Female,0,No,No,7,Yes,Yes,Fiber optic,No,No,No,No,No,No,Month-to-month,Yes,Electronic check,74.9,541.15,1,7-12 Months,0.7129259082017004,High Risk,Priority retention campaign + service engagement
Male,1,No,No,11,Yes,No,Fiber optic,No,No,No,No,No,Yes,Month-to-month,Yes,Electronic check,78.5,874.2,0,7-12 Months,0.7128012112959892,High Risk,Priority retention campaign + service engagement
Male,0,No,No,2,Yes,Yes,Fiber optic,No,Yes,No,No,No,No,Month-to-month,Yes,Electronic check,82.0,184.65,1,0-6 Months,0.7127548314754869,High Risk,Priority retention campaign + service engagement
Male,0,No,No,5,Yes,No,Fiber optic,No,No,No,No,Yes,No,Month-to-month,Yes,Electronic check,80.6,415.55,1,0-6 Months,0.7127033261709853,High Risk,Priority retention campaign + service engagement
Female,0,No,No,23,Yes,Yes,Fiber optic,No,No,No,No,Yes,Yes,Month-to-month,Yes,Electronic check,93.5,2341.55,0,13-24 Months,0.7122665505759108,High Risk,Priority retention campaign + service engagement
Male,0,Yes,Yes,1,Yes,No,Fiber optic,No,No,No,No,No,Yes,Month-to-month,Yes,Electronic check,81.05,81.05,0,0-6 Months,0.7121611142142714,High Risk,Priority retention campaign + service engagement
Female,0,Yes,No,2,No,No phone service,DSL,No,No,No,No,No,Yes,Month-to-month,Yes,Electronic check,35.1,68.75,1,0-6 Months,0.7118660107437157,High Risk,Priority retention campaign + service engagement
Female,0,Yes,No,21,Yes,Yes,Fiber optic,No,No,No,No,Yes,Yes,Month-to-month,Yes,Electronic check,94.3,1948.35,0,13-24 Months,0.7117942308539226,High Risk,Priority retention campaign + service engagement
Male,1,No,No,2,Yes,Yes,Fiber optic,No,No,No,No,No,No,Month-to-month,Yes,Mailed check,72.6,154.3,0,0-6 Months,0.7117445111286597,High Risk,Priority retention campaign + service engagement
Female,1,No,No,1,Yes,No,Fiber optic,No,Yes,No,No,No,No,Month-to-month,Yes,Electronic check,73.0,73.0,1,0-6 Months,0.7113013858710353,High Risk,Priority retention campaign + service engagement
Male,1,Yes,No,29,Yes,Yes,Fiber optic,No,No,Yes,No,Yes,Yes,Month-to-month,Yes,Electronic check,98.5,3004.15,1,25-48 Months,0.7112621735076642,High Risk,Priority retention campaign + service engagement
Female,0,Yes,No,16,Yes,Yes,Fiber optic,No,Yes,No,No,Yes,Yes,Month-to-month,Yes,Electronic check,100.0,1534.75,1,13-24 Months,0.7111093192560212,High Risk,Priority retention campaign + service engagement
Female,0,No,No,2,No,No phone service,DSL,No,No,No,No,No,Yes,Month-to-month,Yes,Electronic check,34.7,62.25,1,0-6 Months,0.7109273636080564,High Risk,Priority retention campaign + service engagement
Female,1,No,No,8,Yes,No,Fiber optic,No,Yes,No,No,Yes,No,Month-to-month,Yes,Electronic check,87.1,713.6,0,7-12 Months,0.710575462573176,High Risk,Priority retention campaign + service engagement
Female,0,Yes,Yes,1,Yes,Yes,Fiber optic,Yes,No,Yes,No,Yes,Yes,Month-to-month,Yes,Electronic check,102.45,102.45,1,0-6 Months,0.7101930724815184,High Risk,Priority retention campaign + service engagement
Male,1,No,No,20,Yes,Yes,Fiber optic,No,No,No,No,Yes,No,Month-to-month,Yes,Electronic check,84.35,1745.2,0,13-24 Months,0.7097867705167712,High Risk,Priority retention campaign + service engagement
Female,0,No,No,7,Yes,Yes,Fiber optic,No,No,No,No,No,No,Month-to-month,Yes,Electronic check,73.85,511.25,1,7-12 Months,0.7097618419967822,High Risk,Priority retention campaign + service engagement
Male,0,No,No,22,Yes,Yes,Fiber optic,No,No,No,No,Yes,Yes,Month-to-month,Yes,Electronic check,95.1,2162.6,0,13-24 Months,0.7096676303230468,High Risk,Priority retention campaign + service engagement
Female,0,No,No,3,No,No phone service,DSL,No,Yes,No,No,Yes,Yes,Month-to-month,Yes,Electronic check,50.6,155.35,1,0-6 Months,0.7085841132341509,High Risk,Priority retention campaign + service engagement
Female,0,No,No,10,Yes,Yes,Fiber optic,No,No,No,Yes,Yes,Yes,Month-to-month,Yes,Electronic check,98.5,1058.25,1,7-12 Months,0.7085108547522854,High Risk,Priority retention campaign + service engagement
Male,0,No,No,7,Yes,No,Fiber optic,No,Yes,No,No,Yes,Yes,Month-to-month,Yes,Electronic check,94.25,669.0,1,7-12 Months,0.7079019076673475,High Risk,Priority retention campaign + service engagement
Male,1,Yes,No,12,Yes,No,Fiber optic,No,No,No,No,No,Yes,Month-to-month,Yes,Electronic check,80.45,950.2,1,7-12 Months,0.7077399864311046,High Risk,Priority retention campaign + service engagement
Male,0,Yes,No,14,Yes,Yes,Fiber optic,No,No,No,No,Yes,No,Month-to-month,Yes,Electronic check,86.1,1235.55,1,13-24 Months,0.7077178921588352,High Risk,Priority retention campaign + service engagement
Female,0,No,No,1,Yes,No,Fiber optic,No,No,No,Yes,Yes,Yes,Month-to-month,Yes,Electronic check,95.85,95.85,0,0-6 Months,0.7072733072043439,High Risk,Priority retention campaign + service engagement
Male,0,No,No,2,Yes,Yes,Fiber optic,No,Yes,No,No,No,No,Month-to-month,Yes,Electronic check,79.45,145.15,0,0-6 Months,0.7072552152706364,High Risk,Priority retention campaign + service engagement
Female,1,No,No,3,Yes,Yes,Fiber optic,No,No,No,No,No,No,Month-to-month,Yes,Credit card (automatic),75.05,256.25,1,0-6 Months,0.7069980047710542,High Risk,Priority retention campaign + service engagement
Female,1,No,No,14,Yes,Yes,Fiber optic,No,No,No,No,No,No,Month-to-month,Yes,Electronic check,74.3,1096.25,1,13-24 Months,0.7069902378024742,High Risk,Priority retention campaign + service engagement
Male,1,Yes,No,10,Yes,Yes,Fiber optic,No,No,No,No,No,Yes,Month-to-month,No,Electronic check,85.55,851.75,1,7-12 Months,0.7066754488434251,High Risk,Priority retention campaign + service engagement
Female,1,No,No,2,No,No phone service,DSL,No,No,Yes,No,No,No,Month-to-month,Yes,Electronic check,30.4,78.65,1,0-6 Months,0.7063206240607856,High Risk,Priority retention campaign + service engagement
Male,0,No,No,12,Yes,Yes,Fiber optic,No,No,Yes,No,Yes,No,Month-to-month,Yes,Electronic check,89.55,1021.75,0,7-12 Months,0.7059395077720968,High Risk,Priority retention campaign + service engagement
Female,0,No,No,1,Yes,No,Fiber optic,No,No,No,No,No,No,Month-to-month,Yes,Electronic check,70.85,70.85,1,0-6 Months,0.7057508459993965,High Risk,Priority retention campaign + service engagement
Male,0,No,No,14,Yes,No,Fiber optic,No,No,No,No,Yes,Yes,Month-to-month,Yes,Electronic check,92.9,1337.45,0,13-24 Months,0.705686281020018,High Risk,Priority retention campaign + service engagement
Female,1,No,No,28,Yes,Yes,Fiber optic,No,Yes,Yes,No,Yes,Yes,Month-to-month,Yes,Electronic check,106.15,3152.5,1,25-48 Months,0.7054707397757348,High Risk,Priority retention campaign + service engagement
Male,0,No,No,1,Yes,No,Fiber optic,No,Yes,No,No,No,Yes,Month-to-month,Yes,Electronic check,85.0,85.0,0,0-6 Months,0.7054609175796633,High Risk,Priority retention campaign + service engagement
Female,0,No,No,1,Yes,No,Fiber optic,No,No,No,No,No,No,Month-to-month,Yes,Electronic check,70.6,70.6,1,0-6 Months,0.7054502883814432,High Risk,Priority retention campaign + service engagement
Female,0,No,No,1,Yes,No,Fiber optic,No,No,No,No,No,No,Month-to-month,Yes,Electronic check,70.3,70.3,1,0-6 Months,0.7050893833147928,High Risk,Priority retention campaign + service engagement
Female,0,No,No,1,Yes,No,Fiber optic,No,No,No,No,No,No,Month-to-month,Yes,Electronic check,70.25,70.25,1,0-6 Months,0.7050292074654095,High Risk,Priority retention campaign + service engagement
Female,0,No,No,1,Yes,No,Fiber optic,No,No,No,No,No,No,Month-to-month,Yes,Electronic check,70.25,70.25,0,0-6 Months,0.7050292074654095,High Risk,Priority retention campaign + service engagement
Female,0,No,No,8,Yes,Yes,Fiber optic,No,No,No,No,No,No,Month-to-month,Yes,Electronic check,73.5,632.2,0,7-12 Months,0.7050208230072988,High Risk,Priority retention campaign + service engagement
Female,0,No,No,1,Yes,No,Fiber optic,No,No,No,No,No,No,Month-to-month,Yes,Electronic check,70.1,70.1,1,0-6 Months,0.704848637076596,High Risk,Priority retention campaign + service engagement
Female,0,No,No,1,Yes,No,Fiber optic,No,No,No,No,No,No,Month-to-month,Yes,Electronic check,70.1,70.1,1,0-6 Months,0.704848637076596,High Risk,Priority retention campaign + service engagement
Female,0,No,No,11,Yes,Yes,Fiber optic,No,No,Yes,No,Yes,Yes,Month-to-month,Yes,Bank transfer (automatic),97.85,1105.4,1,7-12 Months,0.7044018726689196,High Risk,Priority retention campaign + service engagement
Female,0,No,No,12,Yes,No,Fiber optic,No,No,Yes,No,Yes,Yes,Month-to-month,Yes,Electronic check,96.0,1062.1,1,7-12 Months,0.7043341829546677,High Risk,Priority retention campaign + service engagement
Female,0,No,No,1,Yes,No,Fiber optic,No,No,No,No,No,No,Month-to-month,Yes,Electronic check,69.6,69.6,1,0-6 Months,0.7042462720531294,High Risk,Priority retention campaign + service engagement
Male,0,Yes,Yes,4,Yes,Yes,Fiber optic,No,No,Yes,No,Yes,Yes,Month-to-month,No,Electronic check,101.15,385.9,1,0-6 Months,0.7042035874088678,High Risk,Priority retention campaign + service engagement
Female,0,Yes,No,7,Yes,No,Fiber optic,No,No,No,No,Yes,No,Month-to-month,Yes,Electronic check,81.1,576.65,1,7-12 Months,0.7041340851619976,High Risk,Priority retention campaign + service engagement
Female,0,No,No,1,Yes,No,Fiber optic,No,No,No,No,No,No,Month-to-month,Yes,Electronic check,69.5,69.5,1,0-6 Months,0.7041257135125539,High Risk,Priority retention campaign + service engagement
Male,1,Yes,No,13,Yes,No,Fiber optic,No,Yes,Yes,No,Yes,Yes,Month-to-month,Yes,Electronic check,98.0,1237.85,1,13-24 Months,0.7040759437581731,High Risk,Priority retention campaign + service engagement
Female,0,No,No,1,Yes,No,Fiber optic,No,No,No,No,No,No,Month-to-month,Yes,Electronic check,69.2,69.2,1,0-6 Months,0.7037638670005397,High Risk,Priority retention campaign + service engagement
Female,0,No,No,1,Yes,No,Fiber optic,No,No,No,No,No,No,Month-to-month,Yes,Electronic check,69.2,69.2,1,0-6 Months,0.7037638670005397,High Risk,Priority retention campaign + service engagement
Female,0,No,No,6,No,No phone service,DSL,No,No,Yes,No,Yes,Yes,Month-to-month,Yes,Electronic check,47.95,305.1,1,0-6 Months,0.7037415691763075,High Risk,Priority retention campaign + service engagement
Female,0,No,No,1,Yes,No,Fiber optic,No,No,Yes,No,Yes,Yes,Month-to-month,No,Electronic check,94.4,94.4,1,0-6 Months,0.7036835433646154,High Risk,Priority retention campaign + service engagement
Male,1,Yes,No,4,Yes,Yes,Fiber optic,No,No,No,No,No,No,Month-to-month,No,Electronic check,74.95,308.7,1,0-6 Months,0.7036633219256478,High Risk,Priority retention campaign + service engagement
Female,0,Yes,No,1,Yes,No,Fiber optic,No,No,No,No,No,No,Month-to-month,Yes,Electronic check,68.95,68.95,1,0-6 Months,0.7035212778317032,High Risk,Priority retention campaign + service engagement
Female,0,No,No,8,Yes,Yes,Fiber optic,No,No,No,No,No,No,Month-to-month,Yes,Electronic check,75.25,576.7,0,7-12 Months,0.703272673647018,High Risk,Priority retention campaign + service engagement
Female,0,No,No,7,Yes,No,Fiber optic,No,No,No,No,Yes,No,Month-to-month,Yes,Electronic check,79.7,586.05,1,7-12 Months,0.7031138383666824,High Risk,Priority retention campaign + service engagement
Female,0,No,Yes,12,Yes,Yes,Fiber optic,No,Yes,Yes,No,Yes,Yes,Month-to-month,Yes,Electronic check,105.3,1275.65,0,7-12 Months,0.7030049846409697,High Risk,Priority retention campaign + service engagement
Female,0,Yes,Yes,8,Yes,No,Fiber optic,No,No,Yes,No,Yes,Yes,Month-to-month,Yes,Electronic check,94.2,777.3,1,7-12 Months,0.7027813082836561,High Risk,Priority retention campaign + service engagement
Female,0,Yes,Yes,3,Yes,No,Fiber optic,No,No,No,No,No,Yes,Month-to-month,Yes,Electronic check,80.3,250.05,1,0-6 Months,0.7026309501005391,High Risk,Priority retention campaign + service engagement
Female,0,No,No,1,Yes,No,Fiber optic,Yes,No,No,No,Yes,Yes,Month-to-month,Yes,Electronic check,95.6,95.6,1,0-6 Months,0.7025791704178675,High Risk,Priority retention campaign + service engagement
Male,0,No,No,13,Yes,No,Fiber optic,No,No,No,No,Yes,Yes,Month-to-month,Yes,Electronic check,91.1,1135.7,1,13-24 Months,0.7025654083811077,High Risk,Priority retention campaign + service engagement
Male,0,No,No,8,Yes,Yes,Fiber optic,No,Yes,Yes,No,Yes,No,Month-to-month,Yes,Electronic check,94.0,773.65,1,7-12 Months,0.7024509220061915,High Risk,Priority retention campaign + service engagement
Male,1,No,No,2,Yes,No,Fiber optic,No,Yes,No,No,No,No,Month-to-month,Yes,Electronic check,74.7,165.4,1,0-6 Months,0.7020655695634448,High Risk,Priority retention campaign + service engagement
Male,0,Yes,No,14,Yes,Yes,Fiber optic,No,No,No,No,No,Yes,Month-to-month,Yes,Electronic check,85.15,1139.2,1,13-24 Months,0.7019392446305835,High Risk,Priority retention campaign + service engagement
Male,1,No,No,11,Yes,Yes,Fiber optic,No,Yes,Yes,Yes,Yes,Yes,Month-to-month,Yes,Electronic check,111.4,1183.05,0,7-12 Months,0.7008797700861965,High Risk,Priority retention campaign + service engagement
Female,0,Yes,Yes,3,Yes,No,Fiber optic,No,No,No,No,Yes,No,Month-to-month,Yes,Electronic check,80.7,239.45,0,0-6 Months,0.7005739031398248,High Risk,Priority retention campaign + service engagement
Male,0,No,No,1,Yes,No,Fiber optic,No,No,No,No,No,No,Month-to-month,Yes,Electronic check,70.35,70.35,0,0-6 Months,0.7002149144273865,High Risk,Priority retention campaign + service engagement
Female,0,No,No,7,Yes,No,Fiber optic,No,No,No,No,No,Yes,Month-to-month,Yes,Electronic check,79.3,523.15,1,7-12 Months,0.7001934706193502,High Risk,Priority retention campaign + service engagement
Male,0,No,No,1,Yes,No,Fiber optic,No,No,No,No,No,No,Month-to-month,Yes,Electronic check,70.3,70.3,1,0-6 Months,0.7001541669268809,High Risk,Priority retention campaign + service engagement
Male,1,Yes,No,24,Yes,Yes,Fiber optic,No,Yes,Yes,No,Yes,Yes,Month-to-month,Yes,Electronic check,104.25,2433.9,1,13-24 Months,0.7001021968053119,High Risk,Priority retention campaign + service engagement
Male,0,No,No,1,Yes,No,Fiber optic,No,No,No,No,No,No,Month-to-month,Yes,Electronic check,70.05,70.05,1,0-6 Months,0.6998503238903174,High Risk,Priority retention campaign + service engagement
Male,0,No,No,1,Yes,No,Fiber optic,No,No,No,No,No,No,Month-to-month,Yes,Electronic check,69.9,69.9,0,0-6 Months,0.6996679336887957,High Risk,Priority retention campaign + service engagement
Male,0,No,No,1,Yes,No,Fiber optic,No,No,No,No,No,No,Month-to-month,Yes,Electronic check,69.9,69.9,1,0-6 Months,0.6996679336887957,High Risk,Priority retention campaign + service engagement
Male,0,No,No,1,Yes,No,Fiber optic,No,No,No,No,No,No,Month-to-month,Yes,Electronic check,69.9,69.9,1,0-6 Months,0.6996679336887957,High Risk,Priority retention campaign + service engagement
Male,0,No,No,1,Yes,No,Fiber optic,No,No,No,No,No,No,Month-to-month,Yes,Electronic check,69.85,69.85,1,0-6 Months,0.6996071228996453,High Risk,Priority retention campaign + service engagement
Female,1,Yes,No,15,Yes,No,Fiber optic,No,Yes,No,No,Yes,Yes,Month-to-month,Yes,Electronic check,94.65,1285.05,0,13-24 Months,0.6995919346008447,High Risk,Priority retention campaign + service engagement
Female,1,No,No,21,Yes,Yes,Fiber optic,No,No,No,No,Yes,Yes,Month-to-month,Yes,Bank transfer (automatic),95.4,2025.1,0,13-24 Months,0.6995647953780958,High Risk,Priority retention campaign + service engagement
Male,0,No,No,1,Yes,No,Fiber optic,No,No,No,No,No,No,Month-to-month,Yes,Electronic check,69.8,69.8,1,0-6 Months,0.6995463050850537,High Risk,Priority retention campaign + service engagement
Male,0,No,No,1,Yes,No,Fiber optic,No,No,No,No,No,No,Month-to-month,Yes,Electronic check,69.65,69.65,1,0-6 Months,0.6993638095019261,High Risk,Priority retention campaign + service engagement
Male,1,Yes,No,29,Yes,Yes,Fiber optic,No,No,No,No,Yes,Yes,Month-to-month,Yes,Electronic check,94.45,2653.65,1,25-48 Months,0.6993564303183032,High Risk,Priority retention campaign + service engagement
Male,0,No,No,1,Yes,No,Fiber optic,No,No,No,No,No,No,Month-to-month,Yes,Electronic check,69.6,69.6,1,0-6 Months,0.6993029635988698,High Risk,Priority retention campaign + service engagement
Male,0,No,No,1,Yes,No,Fiber optic,No,No,No,No,No,No,Month-to-month,Yes,Electronic check,69.55,69.55,1,0-6 Months,0.6992421106770272,High Risk,Priority retention campaign + service engagement
Male,1,No,No,9,Yes,Yes,Fiber optic,No,No,No,No,No,Yes,Month-to-month,Yes,Credit card (automatic),84.4,732.5,1,7-12 Months,0.6991550095783549,High Risk,Priority retention campaign + service engagement
Male,1,Yes,No,4,Yes,Yes,Fiber optic,No,No,No,No,No,No,Month-to-month,Yes,Mailed check,74.4,306.6,1,0-6 Months,0.6991010443470372,High Risk,Priority retention campaign + service engagement
Male,0,No,No,1,Yes,No,Fiber optic,No,No,No,No,No,No,Month-to-month,Yes,Electronic check,69.35,69.35,1,0-6 Months,0.6989986288284843,High Risk,Priority retention campaign + service engagement
Male,0,No,No,1,Yes,No,Fiber optic,No,No,No,No,No,No,Month-to-month,Yes,Electronic check,69.35,69.35,1,0-6 Months,0.6989986288284843,High Risk,Priority retention campaign + service engagement
Female,0,No,No,9,Yes,Yes,Fiber optic,No,No,No,No,No,No,Month-to-month,Yes,Electronic check,74.75,706.6,1,7-12 Months,0.6989076492123488,High Risk,Priority retention campaign + service engagement
Male,0,Yes,No,1,Yes,No,Fiber optic,No,No,No,No,No,No,Month-to-month,Yes,Electronic check,69.15,69.15,1,0-6 Months,0.6988147169184419,High Risk,Priority retention campaign + service engagement
Male,1,No,No,14,Yes,Yes,Fiber optic,No,No,No,No,No,No,Month-to-month,Yes,Electronic check,74.95,1036.75,1,13-24 Months,0.6987799618080549,High Risk,Priority retention campaign + service engagement
Male,0,No,No,1,Yes,No,Fiber optic,No,No,No,No,No,No,Month-to-month,Yes,Electronic check,69.1,69.1,1,0-6 Months,0.6986941187554336,High Risk,Priority retention campaign + service engagement
Female,0,No,No,10,Yes,Yes,Fiber optic,Yes,No,No,No,Yes,Yes,Month-to-month,Yes,Electronic check,98.7,973.25,1,7-12 Months,0.6985995924678506,High Risk,Priority retention campaign + service engagement
Female,0,No,No,2,Yes,No,Fiber optic,No,No,No,No,No,No,Month-to-month,Yes,Electronic check,70.7,151.65,1,0-6 Months,0.6984726069766376,High Risk,Priority retention campaign + service engagement
Female,0,No,No,12,Yes,Yes,Fiber optic,No,No,Yes,No,Yes,Yes,Month-to-month,Yes,Bank transfer (automatic),100.15,1164.3,1,7-12 Months,0.6984337002552127,High Risk,Priority retention campaign + service engagement
Female,0,No,No,9,Yes,Yes,Fiber optic,No,No,No,No,No,No,Month-to-month,Yes,Electronic check,76.85,663.55,0,7-12 Months,0.6983914764723962,High Risk,Priority retention campaign + service engagement
Female,0,Yes,Yes,10,Yes,No,Fiber optic,No,No,No,No,Yes,Yes,Month-to-month,Yes,Electronic check,88.85,929.45,0,7-12 Months,0.6981600399645792,High Risk,Priority retention campaign + service engagement
Female,0,No,No,7,Yes,No,Fiber optic,No,No,No,No,Yes,No,Month-to-month,Yes,Electronic check,79.0,522.95,1,7-12 Months,0.6980297391202983,High Risk,Priority retention campaign + service engagement
Female,0,Yes,No,2,Yes,No,Fiber optic,No,No,No,No,No,No,Month-to-month,Yes,Electronic check,70.7,141.45,1,0-6 Months,0.6978370261483215,High Risk,Priority retention campaign + service engagement
Female,0,No,No,2,Yes,No,Fiber optic,No,No,No,No,No,No,Month-to-month,Yes,Electronic check,70.95,137.95,1,0-6 Months,0.6978265365514906,High Risk,Priority retention campaign + service engagement
Male,0,No,No,8,Yes,Yes,Fiber optic,No,No,No,No,No,No,Month-to-month,Yes,Electronic check,74.85,572.45,0,7-12 Months,0.6975694609138728,High Risk,Priority retention campaign + service engagement
Male,1,Yes,No,14,Yes,Yes,Fiber optic,No,No,No,No,No,No,Month-to-month,Yes,Electronic check,75.1,1013.35,0,13-24 Months,0.6974171131734079,High Risk,Priority retention campaign + service engagement
Male,0,No,No,10,Yes,Yes,Fiber optic,No,Yes,Yes,No,No,Yes,Month-to-month,Yes,Electronic check,95.25,1021.55,0,7-12 Months,0.6972769247542419,High Risk,Priority retention campaign + service engagement
Male,0,Yes,Yes,8,Yes,No,Fiber optic,No,No,Yes,No,Yes,Yes,Month-to-month,Yes,Electronic check,94.75,759.55,0,7-12 Months,0.6972466346610218,High Risk,Priority retention campaign + service engagement
Female,0,No,No,10,Yes,Yes,Fiber optic,No,Yes,Yes,No,No,Yes,Month-to-month,Yes,Electronic check,94.85,953.45,1,7-12 Months,0.6971513304891632,High Risk,Priority retention campaign + service engagement
Male,0,Yes,No,1,Yes,No,Fiber optic,Yes,No,No,No,Yes,Yes,Month-to-month,Yes,Electronic check,95.0,95.0,1,0-6 Months,0.6969468383906704,High Risk,Priority retention campaign + service engagement
Male,0,Yes,No,3,No,No phone service,DSL,No,No,No,No,No,Yes,Month-to-month,Yes,Electronic check,35.15,99.75,1,0-6 Months,0.6965719888197974,High Risk,Priority retention campaign + service engagement
Male,0,No,No,9,Yes,Yes,Fiber optic,No,No,No,No,No,No,Month-to-month,Yes,Electronic check,75.85,724.65,0,7-12 Months,0.6964248692591665,High Risk,Priority retention campaign + service engagement
Female,1,No,No,5,No,No phone service,DSL,No,No,No,No,Yes,Yes,Month-to-month,No,Electronic check,45.7,198.0,1,0-6 Months,0.6962813328897007,High Risk,Priority retention campaign + service engagement
Male,0,No,No,12,Yes,Yes,Fiber optic,No,No,No,No,Yes,Yes,Month-to-month,No,Electronic check,94.55,1173.55,0,7-12 Months,0.6962196497546277,High Risk,Priority retention campaign + service engagement
Female,0,No,No,2,Yes,No,Fiber optic,No,No,No,No,No,No,Month-to-month,Yes,Electronic check,69.7,135.2,0,0-6 Months,0.6961962598170306,High Risk,Priority retention campaign + service engagement
Male,1,Yes,No,23,Yes,Yes,Fiber optic,No,Yes,Yes,No,Yes,Yes,Month-to-month,Yes,Electronic check,104.45,2184.85,0,13-24 Months,0.6960231366606711,High Risk,Priority retention campaign + service engagement
Female,0,Yes,No,2,Yes,No,Fiber optic,No,No,No,No,No,No,Month-to-month,Yes,Electronic check,70.35,120.25,0,0-6 Months,0.6959845051666312,High Risk,Priority retention campaign + service engagement
Female,0,No,No,2,Yes,No,Fiber optic,No,No,No,No,No,No,Month-to-month,Yes,Electronic check,70.15,123.8,0,0-6 Months,0.6959362666117123,High Risk,Priority retention campaign + service engagement
Male,0,No,No,5,Yes,Yes,Fiber optic,No,Yes,Yes,No,Yes,Yes,Month-to-month,No,Electronic check,105.3,550.6,0,0-6 Months,0.6959122791694425,High Risk,Priority retention campaign + service engagement
Female,0,Yes,No,16,Yes,Yes,Fiber optic,No,No,No,No,Yes,No,Month-to-month,Yes,Electronic check,84.95,1378.25,1,13-24 Months,0.6958445419017374,High Risk,Priority retention campaign + service engagement
Female,1,No,No,4,Yes,Yes,Fiber optic,Yes,No,No,No,No,No,Month-to-month,Yes,Electronic check,80.25,303.7,0,0-6 Months,0.6953012881806011,High Risk,Priority retention campaign + service engagement
Male,0,Yes,Yes,17,Yes,Yes,Fiber optic,No,No,No,No,Yes,Yes,Month-to-month,Yes,Electronic check,92.55,1515.1,1,13-24 Months,0.6953001427205585,High Risk,Priority retention campaign + service engagement
Male,0,No,No,19,Yes,Yes,Fiber optic,No,Yes,No,No,Yes,Yes,Month-to-month,Yes,Electronic check,99.95,1931.75,1,13-24 Months,0.6952267433881643,High Risk,Priority retention campaign + service engagement
Female,0,Yes,No,7,Yes,No,Fiber optic,No,No,Yes,No,Yes,No,Month-to-month,Yes,Electronic check,86.25,587.1,1,7-12 Months,0.6943122995379606,High Risk,Priority retention campaign + service engagement
Female,0,No,No,1,Yes,No,Fiber optic,No,No,Yes,No,No,No,Month-to-month,Yes,Electronic check,74.9,74.9,1,0-6 Months,0.6942469695304153,High Risk,Priority retention campaign + service engagement
Male,0,Yes,No,17,Yes,Yes,Fiber optic,No,Yes,Yes,No,Yes,Yes,Month-to-month,Yes,Electronic check,102.55,1742.5,0,13-24 Months,0.694226193476194,High Risk,Priority retention campaign + service engagement
Male,0,No,No,24,Yes,Yes,Fiber optic,No,No,No,No,Yes,Yes,Month-to-month,Yes,Electronic check,94.1,2322.85,0,13-24 Months,0.6942168609991036,High Risk,Priority retention campaign + service engagement
Male,0,No,No,9,Yes,Yes,Fiber optic,No,No,No,No,No,No,Month-to-month,Yes,Electronic check,76.25,684.85,0,7-12 Months,0.6941602570569905,High Risk,Priority retention campaign + service engagement
Female,1,No,No,8,Yes,No,Fiber optic,No,No,Yes,No,Yes,Yes,Month-to-month,Yes,Credit card (automatic),94.45,742.95,1,7-12 Months,0.6939955914345242,High Risk,Priority retention campaign + service engagement
Female,0,No,No,24,Yes,Yes,Fiber optic,No,No,Yes,No,Yes,Yes,Month-to-month,Yes,Electronic check,98.75,2407.3,1,13-24 Months,0.6938179791223706,High Risk,Priority retention campaign + service engagement
Male,1,No,No,17,Yes,No,Fiber optic,No,Yes,Yes,No,Yes,Yes,Month-to-month,Yes,Electronic check,101.8,1752.45,0,13-24 Months,0.6928028628488878,High Risk,Priority retention campaign + service engagement
Male,0,Yes,No,2,Yes,No,Fiber optic,No,No,No,Yes,Yes,Yes,Month-to-month,Yes,Electronic check,94.2,167.5,1,0-6 Months,0.6927239205387521,High Risk,Priority retention campaign + service engagement
Female,0,No,No,10,Yes,Yes,Fiber optic,No,No,No,No,No,No,Month-to-month,Yes,Electronic check,74.75,799.65,1,7-12 Months,0.6925533303905873,High Risk,Priority retention campaign + service engagement
Male,0,No,No,2,Yes,No,Fiber optic,No,No,No,No,No,No,Month-to-month,Yes,Electronic check,70.3,144.0,0,0-6 Months,0.6924832809422754,High Risk,Priority retention campaign + service engagement
Male,0,No,No,2,Yes,No,Fiber optic,No,No,Yes,No,Yes,Yes,Month-to-month,No,Electronic check,94.95,178.1,1,0-6 Months,0.692374361729501,High Risk,Priority retention campaign + service engagement
Female,0,No,No,1,Yes,Yes,Fiber optic,No,No,No,No,Yes,Yes,Month-to-month,No,Mailed check,95.65,95.65,1,0-6 Months,0.6922936269364459,High Risk,Priority retention campaign + service engagement
Female,0,Yes,No,9,Yes,No,Fiber optic,No,No,No,No,No,Yes,Month-to-month,Yes,Electronic check,79.75,769.1,0,7-12 Months,0.6921705396203981,High Risk,Priority retention campaign + service engagement
Male,0,No,No,2,Yes,No,Fiber optic,No,No,No,No,No,No,Month-to-month,Yes,Electronic check,69.8,146.65,0,0-6 Months,0.6920839042045025,High Risk,Priority retention campaign + service engagement
Male,0,Yes,No,4,No,No phone service,DSL,No,Yes,No,No,Yes,Yes,Month-to-month,Yes,Electronic check,48.55,201.0,1,0-6 Months,0.6918171075171801,High Risk,Priority retention campaign + service engagement
Female,1,No,No,11,Yes,Yes,Fiber optic,No,No,No,No,No,Yes,Month-to-month,Yes,Credit card (automatic),84.8,906.85,1,7-12 Months,0.6910955681390394,High Risk,Priority retention campaign + service engagement
Female,0,Yes,Yes,3,Yes,Yes,Fiber optic,No,No,No,No,No,Yes,Month-to-month,Yes,Bank transfer (automatic),84.75,264.85,1,0-6 Months,0.691054005688557,High Risk,Priority retention campaign + service engagement
Male,0,No,No,22,Yes,Yes,Fiber optic,No,Yes,No,No,Yes,Yes,Month-to-month,Yes,Electronic check,100.65,2415.95,0,13-24 Months,0.6909943174094396,High Risk,Priority retention campaign + service engagement
Female,0,No,No,3,Yes,No,Fiber optic,No,No,No,No,No,No,Month-to-month,Yes,Electronic check,70.25,229.7,0,0-6 Months,0.690553021712555,High Risk,Priority retention campaign + service engagement
Male,1,Yes,No,5,Yes,Yes,Fiber optic,No,No,Yes,No,No,No,Month-to-month,Yes,Bank transfer (automatic),79.9,343.95,1,0-6 Months,0.6904873680859736,High Risk,Priority retention campaign + service engagement
Male,0,Yes,No,24,Yes,Yes,Fiber optic,No,No,Yes,No,Yes,Yes,Month-to-month,Yes,Electronic check,101.05,2391.8,1,13-24 Months,0.6904548164006867,High Risk,Priority retention campaign + service engagement
Male,1,No,No,8,Yes,No,Fiber optic,No,No,No,No,No,No,Month-to-month,Yes,Electronic check,69.7,572.85,0,7-12 Months,0.690446298155972,High Risk,Priority retention campaign + service engagement
Male,0,Yes,No,5,Yes,Yes,Fiber optic,No,Yes,No,No,No,No,Month-to-month,Yes,Electronic check,81.3,416.3,1,0-6 Months,0.6899403733929207,High Risk,Priority retention campaign + service engagement
Male,1,No,No,8,Yes,No,Fiber optic,No,No,No,No,No,No,Month-to-month,Yes,Electronic check,69.7,560.85,1,7-12 Months,0.6896160170966655,High Risk,Priority retention campaign + service engagement
Female,0,No,No,12,Yes,Yes,Fiber optic,No,Yes,No,No,No,Yes,Month-to-month,Yes,Electronic check,89.15,1057.55,0,7-12 Months,0.6887511222190961,High Risk,Priority retention campaign + service engagement
Female,0,No,No,9,Yes,No,Fiber optic,No,No,No,No,No,Yes,Month-to-month,Yes,Electronic check,79.55,723.4,1,7-12 Months,0.6887167289688628,High Risk,Priority retention campaign + service engagement
Female,0,No,No,13,Yes,Yes,Fiber optic,Yes,No,No,No,Yes,Yes,Month-to-month,Yes,Electronic check,100.35,1358.85,1,13-24 Months,0.6886970764580513,High Risk,Priority retention campaign + service engagement
Male,1,Yes,No,17,Yes,Yes,Fiber optic,No,No,Yes,No,Yes,Yes,Month-to-month,Yes,Credit card (automatic),100.45,1622.45,1,13-24 Months,0.6884754876319257,High Risk,Priority retention campaign + service engagement
Female,1,No,No,5,Yes,No,Fiber optic,No,No,No,No,No,Yes,Month-to-month,No,Electronic check,78.95,378.4,1,0-6 Months,0.6884297208830246,High Risk,Priority retention campaign + service engagement
Female,0,No,No,2,Yes,No,Fiber optic,No,No,Yes,No,No,No,Month-to-month,Yes,Electronic check,75.8,160.75,1,0-6 Months,0.6883937491878883,High Risk,Priority retention campaign + service engagement
Female,1,No,No,8,Yes,Yes,Fiber optic,No,No,No,Yes,Yes,Yes,Month-to-month,Yes,Credit card (automatic),100.15,908.55,0,7-12 Months,0.688060702187657,High Risk,Priority retention campaign + service engagement
Female,0,No,No,16,Yes,Yes,Fiber optic,No,No,Yes,No,No,Yes,Month-to-month,Yes,Electronic check,88.45,1422.1,1,13-24 Months,0.6880396332950699,High Risk,Priority retention campaign + service engagement
Female,0,No,No,3,Yes,No,Fiber optic,No,No,No,No,No,No,Month-to-month,Yes,Electronic check,69.85,199.85,0,0-6 Months,0.6880168794390705,High Risk,Priority retention campaign + service engagement
Female,0,No,No,3,Yes,No,Fiber optic,No,No,No,No,No,No,Month-to-month,Yes,Electronic check,70.15,194.2,0,0-6 Months,0.687976417312434,High Risk,Priority retention campaign + service engagement
Female,1,No,No,4,Yes,No,Fiber optic,No,Yes,Yes,No,Yes,Yes,Month-to-month,Yes,Credit card (automatic),99.8,442.85,1,0-6 Months,0.6878774259798509,High Risk,Priority retention campaign + service engagement
Male,0,Yes,No,24,Yes,Yes,Fiber optic,No,No,No,No,Yes,Yes,Month-to-month,Yes,Electronic check,93.0,2248.05,0,13-24 Months,0.6878280026193447,High Risk,Priority retention campaign + service engagement
Male,0,Yes,No,1,Yes,Yes,Fiber optic,No,No,No,No,No,No,Month-to-month,Yes,Bank transfer (automatic),74.6,74.6,1,0-6 Months,0.6876795215051217,High Risk,Priority retention campaign + service engagement
Male,0,No,No,2,Yes,No,Fiber optic,No,No,No,No,No,No,Month-to-month,Yes,Electronic check,67.75,116.65,1,0-6 Months,0.6876109853313838,High Risk,Priority retention campaign + service engagement
Male,0,No,No,8,Yes,Yes,Fiber optic,No,Yes,No,No,Yes,Yes,Month-to-month,No,Electronic check,100.85,819.55,1,7-12 Months,0.6875013687670739,High Risk,Priority retention campaign + service engagement
Female,1,No,No,14,No,No phone service,DSL,No,No,No,No,Yes,Yes,Month-to-month,Yes,Electronic check,46.35,672.7,0,13-24 Months,0.6874750386702211,High Risk,Priority retention campaign + service engagement
Male,1,Yes,No,23,Yes,No,Fiber optic,No,No,No,No,Yes,Yes,Month-to-month,Yes,Electronic check,90.45,2117.25,0,13-24 Months,0.6874713563912974,High Risk,Priority retention campaign + service engagement
Male,0,Yes,No,5,Yes,Yes,Fiber optic,No,Yes,No,No,No,No,Month-to-month,Yes,Electronic check,78.75,412.1,1,0-6 Months,0.6866596225375566,High Risk,Priority retention campaign + service engagement
Male,1,No,No,19,Yes,Yes,Fiber optic,No,Yes,No,No,Yes,No,Month-to-month,Yes,Electronic check,88.2,1775.8,1,13-24 Months,0.6865680481716415,High Risk,Priority retention campaign + service engagement
Female,0,No,Yes,12,Yes,Yes,Fiber optic,No,No,No,No,Yes,No,Month-to-month,Yes,Electronic check,84.05,966.55,0,7-12 Months,0.6864214158583605,High Risk,Priority retention campaign + service engagement
Female,0,No,No,1,Yes,Yes,Fiber optic,No,No,No,No,No,No,Month-to-month,No,Electronic check,76.0,76.0,1,0-6 Months,0.6863788159077092,High Risk,Priority retention campaign + service engagement
Male,1,Yes,No,15,Yes,Yes,Fiber optic,No,No,No,No,No,Yes,Month-to-month,Yes,Bank transfer (automatic),85.6,1345.55,1,13-24 Months,0.6848603503177829,High Risk,Priority retention campaign + service engagement
Male,0,No,No,9,Yes,No,Fiber optic,No,No,No,No,No,Yes,Month-to-month,Yes,Electronic check,80.8,713.1,1,7-12 Months,0.6843865445737763,High Risk,Priority retention campaign + service engagement
Female,0,No,No,11,Yes,Yes,Fiber optic,No,No,No,No,No,No,Month-to-month,Yes,Electronic check,76.5,837.95,1,7-12 Months,0.6843675529837876,High Risk,Priority retention campaign + service engagement
Male,0,Yes,No,3,Yes,No,Fiber optic,No,No,No,No,No,No,Month-to-month,Yes,Electronic check,70.3,208.85,1,0-6 Months,0.6841474259918235,High Risk,Priority retention campaign + service engagement
Male,1,Yes,Yes,29,Yes,Yes,Fiber optic,No,No,Yes,No,Yes,Yes,Month-to-month,Yes,Electronic check,103.95,2964.8,0,25-48 Months,0.6840253811549839,High Risk,Priority retention campaign + service engagement
Female,0,No,No,6,Yes,No,Fiber optic,No,No,No,No,Yes,Yes,Month-to-month,No,Electronic check,89.3,577.6,1,0-6 Months,0.683731914617239,High Risk,Priority retention campaign + service engagement
Female,1,Yes,No,32,Yes,Yes,Fiber optic,No,No,No,No,Yes,Yes,Month-to-month,Yes,Electronic check,93.2,2931.0,1,25-48 Months,0.6836050458003787,High Risk,Priority retention campaign + service engagement
Female,0,Yes,Yes,5,Yes,No,Fiber optic,No,No,No,No,Yes,No,Month-to-month,Yes,Electronic check,80.85,356.1,0,0-6 Months,0.683163788024216,High Risk,Priority retention campaign + service engagement
Female,0,No,No,18,Yes,Yes,Fiber optic,No,No,No,No,Yes,No,Month-to-month,Yes,Electronic check,85.2,1553.9,1,13-24 Months,0.6824932136659488,High Risk,Priority retention campaign + service engagement
Male,1,No,No,15,Yes,No,Fiber optic,No,No,No,No,No,Yes,Month-to-month,Yes,Electronic check,79.4,1156.1,1,13-24 Months,0.682365211630622,High Risk,Priority retention campaign + service engagement
Male,0,No,No,9,No,No phone service,DSL,No,No,No,No,Yes,Yes,Month-to-month,Yes,Electronic check,45.4,418.8,1,7-12 Months,0.6818475529926836,High Risk,Priority retention campaign + service engagement
Male,0,No,No,1,No,No phone service,DSL,No,No,No,No,Yes,Yes,Month-to-month,Yes,Mailed check,45.3,45.3,1,0-6 Months,0.6815949858062307,High Risk,Priority retention campaign + service engagement
Female,0,No,No,1,Yes,Yes,Fiber optic,No,No,No,No,No,No,Month-to-month,Yes,Mailed check,75.05,75.05,1,0-6 Months,0.681277143239115,High Risk,Priority retention campaign + service engagement
Male,0,Yes,No,8,Yes,Yes,Fiber optic,No,No,No,No,No,Yes,Month-to-month,Yes,Bank transfer (automatic),85.65,659.45,0,7-12 Months,0.6812762729576866,High Risk,Priority retention campaign + service engagement
Female,1,No,No,2,Yes,No,Fiber optic,No,Yes,No,No,Yes,No,Month-to-month,Yes,Bank transfer (automatic),83.8,163.7,0,0-6 Months,0.6808798877327947,High Risk,Priority retention campaign + service engagement
Female,0,Yes,No,2,No,No phone service,DSL,No,No,No,No,Yes,Yes,Month-to-month,No,Electronic check,44.6,97.1,1,0-6 Months,0.680468776415187,High Risk,Priority retention campaign + service engagement
Female,0,No,No,4,Yes,No,Fiber optic,No,No,No,No,No,No,Month-to-month,Yes,Electronic check,70.15,268.35,1,0-6 Months,0.6801679852196244,High Risk,Priority retention campaign + service engagement
Male,1,No,No,35,Yes,Yes,Fiber optic,No,No,No,No,Yes,Yes,Month-to-month,Yes,Electronic check,95.45,3474.05,1,25-48 Months,0.680070056255162,High Risk,Priority retention campaign + service engagement
Male,1,No,No,1,Yes,No,Fiber optic,No,No,No,No,No,No,Month-to-month,Yes,Bank transfer (automatic),69.5,69.5,1,0-6 Months,0.6800408849986622,High Risk,Priority retention campaign + service engagement
Male,0,Yes,Yes,2,Yes,No,Fiber optic,No,No,No,No,Yes,Yes,Month-to-month,Yes,Bank transfer (automatic),89.55,185.55,1,0-6 Months,0.6800291031857552,High Risk,Priority retention campaign + service engagement
Female,0,Yes,No,1,No,No phone service,DSL,No,No,No,No,No,No,Month-to-month,Yes,Electronic check,24.8,24.8,1,0-6 Months,0.6797178381811805,High Risk,Priority retention campaign + service engagement
Female,0,Yes,No,1,Yes,No,Fiber optic,No,No,No,No,Yes,No,Month-to-month,Yes,Bank transfer (automatic),79.35,79.35,1,0-6 Months,0.6796545941453669,High Risk,Priority retention campaign + service engagement
Male,0,Yes,No,5,Yes,Yes,Fiber optic,Yes,No,No,No,No,Yes,Month-to-month,Yes,Electronic check,89.15,413.25,0,0-6 Months,0.6795122735980662,High Risk,Priority retention campaign + service engagement
Male,1,Yes,No,33,Yes,Yes,Fiber optic,No,No,No,No,Yes,Yes,Month-to-month,Yes,Electronic check,94.5,3105.55,1,25-48 Months,0.6792262751358136,High Risk,Priority retention campaign + service engagement
Female,1,No,No,31,Yes,Yes,Fiber optic,No,Yes,No,No,Yes,Yes,Month-to-month,Yes,Electronic check,99.95,3186.65,1,25-48 Months,0.6788575230148516,High Risk,Priority retention campaign + service engagement
Male,0,Yes,No,10,Yes,No,Fiber optic,No,No,No,No,Yes,No,Month-to-month,Yes,Electronic check,79.95,857.2,1,7-12 Months,0.6786462782002456,High Risk,Priority retention campaign + service engagement
Male,0,No,No,5,Yes,Yes,Fiber optic,No,Yes,Yes,No,No,No,Month-to-month,Yes,Electronic check,85.3,424.15,1,0-6 Months,0.6782470834248873,High Risk,Priority retention campaign + service engagement
Female,0,Yes,Yes,14,Yes,Yes,Fiber optic,No,No,No,No,Yes,No,Month-to-month,Yes,Electronic check,84.8,1203.9,0,13-24 Months,0.677949861008039,High Risk,Priority retention campaign + service engagement
Male,1,Yes,No,4,No,No phone service,DSL,No,No,Yes,No,No,No,Month-to-month,Yes,Electronic check,29.9,118.25,0,0-6 Months,0.6778885244406904,High Risk,Priority retention campaign + service engagement
Male,0,No,No,7,Yes,Yes,Fiber optic,No,No,No,No,No,Yes,Month-to-month,Yes,Mailed check,85.2,602.55,1,7-12 Months,0.6776572261854106,High Risk,Priority retention campaign + service engagement
Male,0,Yes,No,13,Yes,Yes,Fiber optic,No,No,Yes,No,Yes,Yes,Month-to-month,Yes,Credit card (automatic),102.25,1359.0,1,13-24 Months,0.677514854375187,High Risk,Priority retention campaign + service engagement
Male,0,No,No,3,Yes,No,Fiber optic,No,No,Yes,Yes,Yes,Yes,Month-to-month,Yes,Electronic check,98.7,293.65,1,0-6 Months,0.6769202318094301,High Risk,Priority retention campaign + service engagement
Male,0,Yes,No,11,Yes,Yes,Fiber optic,No,No,No,No,No,No,Month-to-month,Yes,Electronic check,74.95,825.7,1,7-12 Months,0.6765907768795137,High Risk,Priority retention campaign + service engagement
Female,1,No,No,30,Yes,Yes,Fiber optic,No,Yes,No,No,Yes,Yes,Month-to-month,Yes,Electronic check,99.7,2967.35,1,25-48 Months,0.6761945776237648,High Risk,Priority retention campaign + service engagement
Female,1,No,No,2,Yes,No,Fiber optic,No,No,No,No,No,No,Month-to-month,Yes,Bank transfer (automatic),70.2,115.95,1,0-6 Months,0.6761889087759103,High Risk,Priority retention campaign + service engagement
Male,0,No,No,5,Yes,No,Fiber optic,No,No,No,Yes,Yes,Yes,Month-to-month,Yes,Electronic check,96.1,453.4,1,0-6 Months,0.6759261971744305,High Risk,Priority retention campaign + service engagement
Male,0,No,No,1,Yes,Yes,Fiber optic,No,Yes,No,No,No,Yes,Month-to-month,Yes,Credit card (automatic),90.85,90.85,1,0-6 Months,0.6758816909303856,High Risk,Priority retention campaign + service engagement
Male,1,Yes,No,7,Yes,Yes,Fiber optic,No,No,No,No,No,No,Month-to-month,Yes,Mailed check,74.4,527.9,1,7-12 Months,0.6757378906091532,High Risk,Priority retention campaign + service engagement
Female,0,Yes,No,9,No,No phone service,DSL,No,No,Yes,No,Yes,Yes,Month-to-month,Yes,Electronic check,48.75,442.2,1,7-12 Months,0.6756448476171092,High Risk,Priority retention campaign + service engagement
Female,1,No,No,1,Yes,No,Fiber optic,No,No,Yes,No,No,No,Month-to-month,Yes,Bank transfer (automatic),75.3,75.3,1,0-6 Months,0.6754463091981975,High Risk,Priority retention campaign + service engagement
Female,0,Yes,Yes,10,Yes,Yes,Fiber optic,Yes,No,No,No,Yes,Yes,Month-to-month,Yes,Electronic check,100.25,1064.65,1,7-12 Months,0.6754016702806496,High Risk,Priority retention campaign + service engagement
Female,1,No,No,5,Yes,No,Fiber optic,No,No,Yes,No,Yes,No,Month-to-month,Yes,Mailed check,84.85,415.55,1,0-6 Months,0.6752743017780978,High Risk,Priority retention campaign + service engagement
Female,1,No,No,30,Yes,Yes,Fiber optic,No,Yes,Yes,No,Yes,Yes,Month-to-month,Yes,Electronic check,104.1,3121.1,0,25-48 Months,0.675220153364563,High Risk,Priority retention campaign + service engagement
Male,0,No,No,1,Yes,Yes,Fiber optic,No,No,No,No,No,No,Month-to-month,Yes,Mailed check,74.25,74.25,1,0-6 Months,0.6751117760888582,High Risk,Priority retention campaign + service engagement
Male,0,No,No,1,No,No phone service,DSL,No,No,No,No,No,No,Month-to-month,Yes,Electronic check,25.15,25.15,1,0-6 Months,0.6749363368541971,High Risk,Priority retention campaign + service engagement
Female,0,Yes,No,8,Yes,Yes,Fiber optic,No,No,No,Yes,No,Yes,Month-to-month,Yes,Electronic check,90.25,743.75,0,7-12 Months,0.6745506521245206,High Risk,Priority retention campaign + service engagement
Female,1,No,No,1,Yes,No,Fiber optic,No,No,No,No,No,No,Month-to-month,Yes,Mailed check,70.6,70.6,0,0-6 Months,0.6744451283331884,High Risk,Priority retention campaign + service engagement
Male,0,No,Yes,10,Yes,Yes,Fiber optic,No,No,No,No,Yes,Yes,Month-to-month,No,Electronic check,95.2,930.4,1,7-12 Months,0.6744220822905047,High Risk,Priority retention campaign + service engagement
Female,1,Yes,No,1,Yes,No,Fiber optic,No,No,No,No,No,No,Month-to-month,Yes,Mailed check,70.45,70.45,1,0-6 Months,0.6743167595765783,High Risk,Priority retention campaign + service engagement
Male,0,No,No,1,No,No phone service,DSL,No,No,No,No,No,No,Month-to-month,Yes,Electronic check,24.4,24.4,0,0-6 Months,0.6739832914617783,High Risk,Priority retention campaign + service engagement
Male,0,No,No,1,No,No phone service,DSL,No,No,No,No,No,No,Month-to-month,Yes,Electronic check,24.25,24.25,1,0-6 Months,0.6737925093328131,High Risk,Priority retention campaign + service engagement
Female,0,Yes,Yes,1,Yes,No,Fiber optic,No,No,No,No,No,No,Month-to-month,Yes,Electronic check,69.8,69.8,1,0-6 Months,0.673224064570501,High Risk,Priority retention campaign + service engagement
Female,0,No,No,3,Yes,Yes,Fiber optic,No,No,No,No,No,No,Month-to-month,No,Electronic check,76.1,257.6,0,0-6 Months,0.6731129838100757,High Risk,Priority retention campaign + service engagement
Male,0,No,No,6,Yes,No,Fiber optic,No,Yes,No,No,No,Yes,Month-to-month,Yes,Electronic check,84.4,556.35,1,0-6 Months,0.6730571019763752,High Risk,Priority retention campaign + service engagement
Female,0,No,Yes,1,Yes,No,Fiber optic,No,No,No,No,No,No,Month-to-month,Yes,Electronic check,69.65,69.65,1,0-6 Months,0.6729706535400226,High Risk,Priority retention campaign + service engagement
Male,0,No,No,4,Yes,No,Fiber optic,No,No,No,No,No,No,Month-to-month,Yes,Electronic check,70.2,237.95,1,0-6 Months,0.6729070703888865,High Risk,Priority retention campaign + service engagement
Female,1,No,No,10,No,No phone service,DSL,No,No,No,No,No,Yes,Month-to-month,Yes,Electronic check,34.7,329.8,1,7-12 Months,0.6728727921319515,High Risk,Priority retention campaign + service engagement
Male,1,No,No,16,Yes,No,Fiber optic,No,No,No,No,No,Yes,Month-to-month,Yes,Electronic check,78.75,1218.25,0,13-24 Months,0.6728486270292173,High Risk,Priority retention campaign + service engagement
Male,0,Yes,No,1,No,No phone service,DSL,No,No,No,No,No,No,Month-to-month,Yes,Electronic check,23.45,23.45,1,0-6 Months,0.6728364527826125,High Risk,Priority retention campaign + service engagement
Female,0,No,No,2,Yes,Yes,Fiber optic,No,No,No,No,No,No,Month-to-month,Yes,Mailed check,74.9,136.05,0,0-6 Months,0.6722638204131391,High Risk,Priority retention campaign + service engagement
Female,0,Yes,No,19,Yes,Yes,Fiber optic,No,No,No,No,Yes,No,Month-to-month,Yes,Electronic check,86.85,1564.4,0,13-24 Months,0.6721291473977938,High Risk,Priority retention campaign + service engagement
Male,1,No,No,35,Yes,Yes,Fiber optic,No,No,Yes,No,Yes,Yes,Month-to-month,Yes,Electronic check,101.4,3496.3,1,25-48 Months,0.6716324248188823,High Risk,Priority retention campaign + service engagement
Female,0,No,No,1,Yes,No,Fiber optic,No,No,No,No,Yes,No,Month-to-month,No,Electronic check,79.55,79.55,1,0-6 Months,0.6716308655137159,High Risk,Priority retention campaign + service engagement
Female,1,Yes,No,11,Yes,Yes,Fiber optic,No,No,Yes,Yes,Yes,Yes,Month-to-month,Yes,Bank transfer (automatic),104.05,1133.65,1,7-12 Months,0.6715881530254246,High Risk,Priority retention campaign + service engagement
Female,0,Yes,No,5,Yes,No,Fiber optic,No,No,No,No,No,No,Month-to-month,Yes,Electronic check,68.95,351.5,0,0-6 Months,0.671516088855273,High Risk,Priority retention campaign + service engagement
Female,1,No,No,2,Yes,No,Fiber optic,No,No,No,No,No,No,Month-to-month,No,Electronic check,70.75,154.85,1,0-6 Months,0.6713754697943516,High Risk,Priority retention campaign + service engagement
Male,1,No,No,1,Yes,No,Fiber optic,No,No,No,No,No,No,Month-to-month,No,Electronic check,69.1,69.1,1,0-6 Months,0.6713189039788372,High Risk,Priority retention campaign + service engagement
Male,0,No,No,15,Yes,Yes,Fiber optic,Yes,No,No,No,Yes,Yes,Month-to-month,Yes,Electronic check,99.7,1566.75,0,13-24 Months,0.6712577837898689,High Risk,Priority retention campaign + service engagement
Female,0,No,No,3,Yes,Yes,Fiber optic,No,No,No,No,No,No,Month-to-month,No,Electronic check,75.25,242.0,1,0-6 Months,0.6709771271156183,High Risk,Priority retention campaign + service engagement
Female,1,No,No,20,Yes,Yes,Fiber optic,No,Yes,Yes,No,No,Yes,Month-to-month,Yes,Electronic check,94.1,1782.4,1,13-24 Months,0.6709213237338681,High Risk,Priority retention campaign + service engagement
Female,1,No,No,26,Yes,No,Fiber optic,No,No,No,No,Yes,Yes,Month-to-month,Yes,Electronic check,91.25,2351.8,1,25-48 Months,0.6707436533475293,High Risk,Priority retention campaign + service engagement
Female,0,Yes,No,1,Yes,No,Fiber optic,No,No,No,No,Yes,No,Month-to-month,No,Electronic check,78.8,78.8,1,0-6 Months,0.6707354816865669,High Risk,Priority retention campaign + service engagement
Female,0,No,No,9,Yes,No,Fiber optic,No,No,No,No,Yes,Yes,Month-to-month,Yes,Bank transfer (automatic),90.8,809.75,1,7-12 Months,0.670710930810932,High Risk,Priority retention campaign + service engagement
Male,0,No,Yes,1,Yes,No,Fiber optic,No,No,No,No,No,No,Month-to-month,Yes,Electronic check,71.65,71.65,1,0-6 Months,0.6703142419693613,High Risk,Priority retention campaign + service engagement
Male,1,Yes,No,11,Yes,No,Fiber optic,No,No,No,No,No,No,Month-to-month,Yes,Electronic check,70.2,834.7,0,7-12 Months,0.6703065590155327,High Risk,Priority retention campaign + service engagement
Female,0,No,No,1,Yes,Yes,Fiber optic,No,No,Yes,No,No,No,Month-to-month,Yes,Mailed check,79.55,79.55,1,0-6 Months,0.669841065690481,High Risk,Priority retention campaign + service engagement
Male,0,No,No,26,Yes,Yes,Fiber optic,No,No,Yes,No,Yes,Yes,Month-to-month,Yes,Electronic check,98.35,2515.3,1,25-48 Months,0.6697210733331982,High Risk,Priority retention campaign + service engagement
Female,0,No,No,1,Yes,No,Fiber optic,No,No,No,No,Yes,No,Month-to-month,No,Electronic check,78.05,78.05,1,0-6 Months,0.6697134292281826,High Risk,Priority retention campaign + service engagement
Female,1,No,No,14,Yes,Yes,Fiber optic,No,Yes,No,No,No,No,Month-to-month,Yes,Electronic check,78.95,1101.85,1,13-24 Months,0.6696828260005852,High Risk,Priority retention campaign + service engagement
Male,0,Yes,Yes,1,Yes,No,Fiber optic,No,No,No,No,No,No,Month-to-month,Yes,Electronic check,71.0,71.0,1,0-6 Months,0.669545098950785,High Risk,Priority retention campaign + service engagement
Male,0,No,No,1,Yes,No,Fiber optic,No,No,No,No,No,Yes,Month-to-month,No,Electronic check,80.5,80.5,1,0-6 Months,0.6695234994344883,High Risk,Priority retention campaign + service engagement
Female,0,Yes,Yes,14,Yes,Yes,Fiber optic,No,No,Yes,No,No,Yes,Month-to-month,Yes,Electronic check,87.25,1258.6,1,13-24 Months,0.6694736031615839,High Risk,Priority retention campaign + service engagement
Male,0,No,No,6,Yes,No,Fiber optic,No,Yes,No,No,Yes,No,Month-to-month,Yes,Electronic check,84.85,523.5,1,0-6 Months,0.6693606163954334,High Risk,Priority retention campaign + service engagement
Female,0,No,No,2,Yes,No,Fiber optic,No,No,No,No,No,Yes,Month-to-month,No,Electronic check,80.55,184.1,1,0-6 Months,0.668923202233361,High Risk,Priority retention campaign + service engagement
Male,0,No,No,1,Yes,No,Fiber optic,No,No,No,No,No,Yes,Month-to-month,No,Electronic check,79.9,79.9,1,0-6 Months,0.6687547145716197,High Risk,Priority retention campaign + service engagement
Male,0,No,No,1,Yes,Yes,Fiber optic,Yes,No,No,No,No,No,Month-to-month,Yes,Electronic check,81.7,81.7,1,0-6 Months,0.6686647285576806,High Risk,Priority retention campaign + service engagement
Male,0,No,Yes,3,Yes,Yes,Fiber optic,No,No,Yes,No,No,Yes,Month-to-month,No,Electronic check,91.85,257.05,1,0-6 Months,0.6685659132898323,High Risk,Priority retention campaign + service engagement
Female,0,No,No,1,Yes,No,Fiber optic,No,Yes,No,No,No,No,Month-to-month,Yes,Electronic check,75.7,75.7,1,0-6 Months,0.6685480751434968,High Risk,Priority retention campaign + service engagement
Male,1,Yes,No,24,Yes,No,Fiber optic,No,No,Yes,No,Yes,Yes,Month-to-month,Yes,Electronic check,93.15,2231.05,1,13-24 Months,0.6685305729219542,High Risk,Priority retention campaign + service engagement
Male,0,No,No,9,Yes,Yes,Fiber optic,No,Yes,No,No,Yes,Yes,Month-to-month,Yes,Credit card (automatic),99.3,918.75,0,7-12 Months,0.6684041347140126,High Risk,Priority retention campaign + service engagement
Male,0,No,No,1,Yes,No,Fiber optic,No,No,No,No,No,Yes,Month-to-month,No,Electronic check,79.6,79.6,1,0-6 Months,0.6683699838694107,High Risk,Priority retention campaign + service engagement
Male,0,Yes,Yes,1,Yes,No,Fiber optic,No,No,No,No,No,No,Month-to-month,Yes,Electronic check,70.0,70.0,1,0-6 Months,0.668263332065586,High Risk,Priority retention campaign + service engagement
Female,1,Yes,No,3,No,No phone service,DSL,No,Yes,No,No,No,No,Month-to-month,Yes,Electronic check,30.75,82.85,0,0-6 Months,0.667735818542882,High Risk,Priority retention campaign + service engagement
Female,1,No,No,37,Yes,Yes,Fiber optic,No,No,No,No,Yes,Yes,Month-to-month,Yes,Electronic check,96.55,3580.3,1,25-48 Months,0.6677126793542051,High Risk,Priority retention campaign + service engagement
Male,0,No,No,6,Yes,No,Fiber optic,No,Yes,No,No,Yes,No,Month-to-month,Yes,Electronic check,85.35,489.45,1,0-6 Months,0.6675249423787483,High Risk,Priority retention campaign + service engagement
Female,0,No,No,2,Yes,No,Fiber optic,No,No,No,No,No,Yes,Month-to-month,No,Electronic check,80.75,159.45,1,0-6 Months,0.6673974992514076,High Risk,Priority retention campaign + service engagement
Female,0,No,No,1,Yes,No,Fiber optic,No,Yes,No,No,No,No,Month-to-month,Yes,Electronic check,74.7,74.7,1,0-6 Months,0.667264362867637,High Risk,Priority retention campaign + service engagement
Female,0,Yes,Yes,2,Yes,No,Fiber optic,No,No,No,No,No,No,Month-to-month,Yes,Electronic check,71.65,135.75,0,0-6 Months,0.6668844673993608,High Risk,Priority retention campaign + service engagement
Male,1,Yes,No,35,Yes,Yes,Fiber optic,No,No,Yes,No,Yes,Yes,Month-to-month,Yes,Electronic check,100.8,3437.5,0,25-48 Months,0.6667587626605249,High Risk,Priority retention campaign + service engagement
Male,0,Yes,Yes,1,Yes,No,Fiber optic,No,No,No,No,No,No,Month-to-month,Yes,Electronic check,68.5,68.5,1,0-6 Months,0.6663360008208024,High Risk,Priority retention campaign + service engagement
Female,0,No,No,3,Yes,No,Fiber optic,No,Yes,No,No,Yes,Yes,Month-to-month,No,Electronic check,95.4,293.15,0,0-6 Months,0.6662708162945666,High Risk,Priority retention campaign + service engagement
Female,0,Yes,No,3,Yes,Yes,Fiber optic,No,Yes,No,No,No,Yes,Month-to-month,Yes,Credit card (automatic),91.5,242.95,1,0-6 Months,0.6662627820491571,High Risk,Priority retention campaign + service engagement
Female,1,No,No,23,Yes,No,Fiber optic,No,Yes,No,No,Yes,Yes,Month-to-month,Yes,Electronic check,94.75,2293.6,1,13-24 Months,0.6661723704932575,High Risk,Priority retention campaign + service engagement
Male,0,No,No,1,Yes,No,Fiber optic,No,No,No,No,No,Yes,Month-to-month,Yes,Mailed check,80.85,80.85,1,0-6 Months,0.6659575565943341,High Risk,Priority retention campaign + service engagement
Male,0,No,No,10,Yes,Yes,Fiber optic,No,No,No,No,Yes,No,Month-to-month,Yes,Bank transfer (automatic),86.05,834.1,1,7-12 Months,0.6657940960399398,High Risk,Priority retention campaign + service engagement
Male,0,No,No,2,Yes,No,Fiber optic,No,Yes,No,No,Yes,Yes,Month-to-month,No,Electronic check,95.65,167.3,1,0-6 Months,0.6656375709020862,High Risk,Priority retention campaign + service engagement
Female,0,No,No,4,Yes,Yes,Fiber optic,No,No,No,Yes,Yes,Yes,Month-to-month,Yes,Mailed check,100.85,399.25,0,0-6 Months,0.665475754178064,High Risk,Priority retention campaign + service engagement
Male,0,No,No,5,Yes,No,Fiber optic,No,No,No,No,No,No,Month-to-month,Yes,Electronic check,69.75,324.6,1,0-6 Months,0.6652582140709382,High Risk,Priority retention campaign + service engagement
Female,1,No,No,27,Yes,Yes,Fiber optic,No,No,No,No,No,Yes,Month-to-month,Yes,Electronic check,85.25,2287.25,1,25-48 Months,0.6650733303278619,High Risk,Priority retention campaign + service engagement
Female,0,No,No,10,Yes,Yes,Fiber optic,No,No,No,No,No,Yes,Month-to-month,No,Electronic check,86.45,830.85,1,7-12 Months,0.6648696601973766,High Risk,Priority retention campaign + service engagement
Female,0,No,No,4,Yes,Yes,Fiber optic,No,No,No,No,No,No,Month-to-month,No,Electronic check,75.35,338.1,1,0-6 Months,0.6646582503055738,High Risk,Priority retention campaign + service engagement
Male,0,No,No,5,Yes,No,Fiber optic,No,No,No,No,No,No,Month-to-month,Yes,Electronic check,69.7,316.9,1,0-6 Months,0.6646424067530168,High Risk,Priority retention campaign + service engagement
Female,0,Yes,No,21,Yes,Yes,Fiber optic,No,No,No,No,No,Yes,Month-to-month,Yes,Electronic check,86.5,1808.7,1,13-24 Months,0.6644729438035766,High Risk,Priority retention campaign + service engagement
Male,1,Yes,No,2,Yes,No,Fiber optic,No,No,No,No,No,No,Month-to-month,No,Electronic check,70.1,141.65,0,0-6 Months,0.6644646637988713,High Risk,Priority retention campaign + service engagement
Male,1,Yes,No,3,No,No phone service,DSL,No,No,No,No,Yes,No,Month-to-month,Yes,Mailed check,36.45,93.7,1,0-6 Months,0.6643101413369068,High Risk,Priority retention campaign + service engagement
Female,0,Yes,No,8,Yes,Yes,Fiber optic,No,No,No,No,No,Yes,Month-to-month,Yes,Credit card (automatic),85.2,627.4,1,7-12 Months,0.6641756789420744,High Risk,Priority retention campaign + service engagement
Female,0,Yes,No,9,Yes,No,Fiber optic,No,No,No,No,Yes,Yes,Month-to-month,No,Electronic check,89.45,853.1,1,7-12 Months,0.6639270803980315,High Risk,Priority retention campaign + service engagement
Male,0,No,No,20,Yes,Yes,Fiber optic,No,No,No,No,Yes,No,Month-to-month,Yes,Electronic check,85.25,1734.5,1,13-24 Months,0.6637590719765107,High Risk,Priority retention campaign + service engagement
Male,0,No,No,2,No,No phone service,DSL,No,No,No,No,No,No,Month-to-month,Yes,Electronic check,25.05,56.35,1,0-6 Months,0.663744332157795,High Risk,Priority retention campaign + service engagement
Male,0,No,No,4,Yes,No,Fiber optic,No,No,Yes,No,No,No,Month-to-month,Yes,Electronic check,73.9,280.85,1,0-6 Months,0.6631207794956895,High Risk,Priority retention campaign + service engagement
Male,0,No,No,3,Yes,Yes,Fiber optic,No,No,No,No,No,No,Month-to-month,No,Electronic check,74.5,217.45,0,0-6 Months,0.6630571775774556,High Risk,Priority retention campaign + service engagement
Female,0,No,No,24,Yes,Yes,Fiber optic,No,Yes,Yes,No,Yes,Yes,Month-to-month,Yes,Electronic check,104.15,2494.65,0,13-24 Months,0.662512945044107,High Risk,Priority retention campaign + service engagement
Male,1,No,No,37,Yes,Yes,Fiber optic,No,No,Yes,No,Yes,Yes,Month-to-month,Yes,Electronic check,101.1,3744.05,1,25-48 Months,0.6623636733802588,High Risk,Priority retention campaign + service engagement
Female,0,Yes,No,17,Yes,Yes,Fiber optic,No,No,No,No,Yes,Yes,Month-to-month,No,Electronic check,92.6,1579.7,0,13-24 Months,0.6622643181183814,High Risk,Priority retention campaign + service engagement
Female,0,Yes,No,19,Yes,No,Fiber optic,No,No,Yes,No,Yes,Yes,Month-to-month,Yes,Electronic check,96.8,1743.05,0,13-24 Months,0.6619793253014278,High Risk,Priority retention campaign + service engagement
Male,0,Yes,No,6,Yes,No,Fiber optic,No,Yes,Yes,No,No,Yes,Month-to-month,Yes,Electronic check,91.0,531.0,1,0-6 Months,0.6619431501852562,High Risk,Priority retention campaign + service engagement
Male,0,No,No,4,Yes,Yes,Fiber optic,No,No,No,No,No,No,Month-to-month,Yes,Bank transfer (automatic),72.2,305.55,1,0-6 Months,0.661559103311358,High Risk,Priority retention campaign + service engagement
Male,1,No,No,35,Yes,Yes,Fiber optic,No,No,Yes,No,Yes,Yes,Month-to-month,Yes,Electronic check,99.05,3395.8,1,25-48 Months,0.6615539033574748,High Risk,Priority retention campaign + service engagement
Male,0,No,No,1,Yes,No,Fiber optic,No,Yes,No,No,No,No,Month-to-month,Yes,Electronic check,74.35,74.35,1,0-6 Months,0.6615462003152771,High Risk,Priority retention campaign + service engagement
Female,0,No,No,3,Yes,Yes,Fiber optic,No,No,No,No,No,No,Month-to-month,Yes,Credit card (automatic),75.1,270.7,1,0-6 Months,0.6615215933071328,High Risk,Priority retention campaign + service engagement
Male,0,Yes,No,24,Yes,Yes,Fiber optic,No,Yes,Yes,No,Yes,Yes,Month-to-month,Yes,Electronic check,104.65,2542.45,1,13-24 Months,0.6613623083196712,High Risk,Priority retention campaign + service engagement
Male,0,Yes,No,15,Yes,Yes,Fiber optic,No,No,Yes,Yes,Yes,Yes,Month-to-month,Yes,Electronic check,103.45,1539.8,0,13-24 Months,0.6612413792392087,High Risk,Priority retention campaign + service engagement
Female,0,No,No,7,Yes,No,Fiber optic,No,No,Yes,Yes,Yes,Yes,Month-to-month,Yes,Electronic check,100.4,715.0,0,7-12 Months,0.6611427139067272,High Risk,Priority retention campaign + service engagement
Male,1,No,No,15,Yes,Yes,Fiber optic,No,Yes,No,No,No,No,Month-to-month,Yes,Electronic check,80.2,1217.25,1,13-24 Months,0.660869792535308,High Risk,Priority retention campaign + service engagement
Female,0,No,No,8,Yes,Yes,Fiber optic,No,No,No,No,Yes,Yes,Month-to-month,No,Bank transfer (automatic),95.65,778.1,1,7-12 Months,0.6606933703579762,High Risk,Priority retention campaign + service engagement
Female,1,No,No,20,Yes,No,Fiber optic,No,No,No,No,No,Yes,Month-to-month,Yes,Electronic check,81.45,1671.6,0,13-24 Months,0.6605283318386528,High Risk,Priority retention campaign + service engagement
Female,1,No,No,39,Yes,Yes,Fiber optic,No,No,Yes,No,Yes,Yes,Month-to-month,Yes,Electronic check,99.75,4036.0,0,25-48 Months,0.6602243868742013,High Risk,Priority retention campaign + service engagement
Female,0,No,No,4,Yes,Yes,Fiber optic,No,Yes,No,Yes,No,Yes,Month-to-month,Yes,Electronic check,93.5,362.2,1,0-6 Months,0.6597280323930901,High Risk,Priority retention campaign + service engagement
Female,0,No,No,1,Yes,No,Fiber optic,No,Yes,Yes,No,No,No,Month-to-month,Yes,Electronic check,82.3,82.3,1,0-6 Months,0.6596193480682023,High Risk,Priority retention campaign + service engagement
Female,0,No,No,2,Yes,No,Fiber optic,No,No,No,No,Yes,No,Month-to-month,Yes,Mailed check,79.65,152.7,1,0-6 Months,0.6596114211777926,High Risk,Priority retention campaign + service engagement
Female,1,Yes,No,16,Yes,Yes,Fiber optic,No,No,No,No,No,Yes,Month-to-month,Yes,Credit card (automatic),85.35,1375.15,1,13-24 Months,0.6591327114685576,High Risk,Priority retention campaign + service engagement
Male,0,No,No,6,Yes,No,Fiber optic,No,No,No,No,No,No,Month-to-month,Yes,Electronic check,69.1,435.0,0,0-6 Months,0.659003969910113,High Risk,Priority retention campaign + service engagement
Female,0,Yes,Yes,17,Yes,Yes,Fiber optic,No,No,No,No,No,Yes,Month-to-month,Yes,Electronic check,85.45,1451.6,1,13-24 Months,0.6584225246153987,High Risk,Priority retention campaign + service engagement
Male,0,No,No,7,Yes,Yes,Fiber optic,No,No,Yes,No,Yes,No,Month-to-month,Yes,Credit card (automatic),89.35,631.85,1,7-12 Months,0.6582446452429442,High Risk,Priority retention campaign + service engagement
Female,0,Yes,No,3,Yes,Yes,Fiber optic,No,No,No,No,No,No,Month-to-month,Yes,Credit card (automatic),74.75,229.5,1,0-6 Months,0.6581646151723073,High Risk,Priority retention campaign + service engagement
Male,0,Yes,No,1,Yes,No,Fiber optic,No,No,No,Yes,Yes,No,Month-to-month,Yes,Electronic check,84.8,84.8,1,0-6 Months,0.6577489313624493,High Risk,Priority retention campaign + service engagement
Female,0,Yes,No,3,Yes,Yes,Fiber optic,No,No,No,No,No,No,Month-to-month,Yes,Credit card (automatic),75.15,216.75,1,0-6 Months,0.6577282703740591,High Risk,Priority retention campaign + service engagement
Female,1,No,No,18,Yes,No,Fiber optic,No,No,Yes,No,No,Yes,Month-to-month,Yes,Electronic check,84.95,1443.65,0,13-24 Months,0.6576967406829783,High Risk,Priority retention campaign + service engagement
Male,0,No,No,12,Yes,No,Fiber optic,No,No,No,No,Yes,No,Month-to-month,Yes,Electronic check,81.45,912.0,0,7-12 Months,0.6576772344990773,High Risk,Priority retention campaign + service engagement
Female,0,No,No,13,Yes,No,Fiber optic,No,No,No,No,No,Yes,Month-to-month,Yes,Electronic check,80.5,1011.8,0,13-24 Months,0.65749195596973,High Risk,Priority retention campaign + service engagement
Female,0,No,No,32,Yes,Yes,Fiber optic,No,No,Yes,No,Yes,Yes,Month-to-month,Yes,Electronic check,101.35,3334.9,0,25-48 Months,0.6573158367087103,High Risk,Priority retention campaign + service engagement
Male,0,No,No,2,Yes,Yes,Fiber optic,No,No,No,No,No,No,Month-to-month,Yes,Credit card (automatic),73.25,131.05,1,0-6 Months,0.657302719887198,High Risk,Priority retention campaign + service engagement
Female,0,Yes,No,3,Yes,Yes,Fiber optic,No,No,No,No,No,No,Month-to-month,Yes,Credit card (automatic),74.1,228.0,1,0-6 Months,0.6572558103971946,High Risk,Priority retention campaign + service engagement
Male,0,No,No,2,Yes,No,Fiber optic,No,No,No,No,Yes,No,Month-to-month,No,Electronic check,79.0,143.65,1,0-6 Months,0.6569117939715712,High Risk,Priority retention campaign + service engagement
Female,0,No,No,5,Yes,Yes,Fiber optic,No,No,No,No,No,No,Month-to-month,No,Electronic check,75.55,413.65,1,0-6 Months,0.6569060373174893,High Risk,Priority retention campaign + service engagement
Male,0,No,No,5,Yes,Yes,Fiber optic,No,No,No,No,No,No,Month-to-month,Yes,Bank transfer (automatic),75.9,357.75,1,0-6 Months,0.6563869494568768,High Risk,Priority retention campaign + service engagement
Female,1,No,No,16,Yes,No,Fiber optic,No,No,No,Yes,Yes,Yes,Month-to-month,Yes,Electronic check,94.45,1511.2,1,13-24 Months,0.6561790182611421,High Risk,Priority retention campaign + service engagement
Female,0,No,No,5,Yes,Yes,Fiber optic,No,No,No,No,No,No,Month-to-month,No,Electronic check,75.6,402.5,0,0-6 Months,0.656154297662872,High Risk,Priority retention campaign + service engagement
Male,1,No,No,4,No,No phone service,DSL,No,Yes,No,No,Yes,Yes,Month-to-month,Yes,Credit card (automatic),50.95,207.35,0,0-6 Months,0.6560163925012789,High Risk,Priority retention campaign + service engagement
Female,0,Yes,Yes,3,Yes,No,Fiber optic,No,No,No,No,No,No,Month-to-month,Yes,Electronic check,69.55,200.2,0,0-6 Months,0.6555178539781946,High Risk,Priority retention campaign + service engagement
Female,0,No,No,15,Yes,No,Fiber optic,No,Yes,Yes,No,Yes,Yes,Month-to-month,Yes,Electronic check,101.25,1457.25,1,13-24 Months,0.6554088396399949,High Risk,Priority retention campaign + service engagement
Female,0,No,No,3,Yes,No,Fiber optic,No,Yes,No,Yes,Yes,Yes,Month-to-month,Yes,Electronic check,97.9,315.3,1,0-6 Months,0.655397893439822,High Risk,Priority retention campaign + service engagement
Female,1,Yes,No,13,Yes,No,Fiber optic,No,No,No,No,No,No,Month-to-month,Yes,Electronic check,70.15,916.75,1,13-24 Months,0.654578035327969,High Risk,Priority retention campaign + service engagement
Female,1,Yes,No,26,Yes,Yes,Fiber optic,No,No,Yes,No,Yes,Yes,Month-to-month,Yes,Bank transfer (automatic),98.1,2510.7,0,25-48 Months,0.6544213304040697,High Risk,Priority retention campaign + service engagement
Male,1,No,No,8,Yes,No,Fiber optic,No,Yes,No,No,No,No,Month-to-month,Yes,Electronic check,74.5,606.55,1,7-12 Months,0.6543139200132518,High Risk,Priority retention campaign + service engagement
Male,0,Yes,Yes,5,Yes,Yes,Fiber optic,No,Yes,No,No,No,No,Month-to-month,Yes,Electronic check,80.15,385.0,1,0-6 Months,0.6541187051990969,High Risk,Priority retention campaign + service engagement
Female,0,No,No,25,Yes,Yes,Fiber optic,No,Yes,No,No,Yes,Yes,Month-to-month,Yes,Electronic check,100.25,2387.75,1,25-48 Months,0.6540136076574439,High Risk,Priority retention campaign + service engagement
Female,0,No,No,2,Yes,No,Fiber optic,No,No,Yes,No,No,Yes,Month-to-month,Yes,Mailed check,86.2,178.7,1,0-6 Months,0.6538759901468826,High Risk,Priority retention campaign + service engagement
Male,1,Yes,No,15,Yes,Yes,Fiber optic,Yes,No,Yes,No,Yes,No,Month-to-month,Yes,Electronic check,96.5,1392.25,0,13-24 Months,0.6538731305244099,High Risk,Priority retention campaign + service engagement
Female,0,No,No,9,Yes,No,Fiber optic,No,No,No,No,Yes,Yes,Month-to-month,Yes,Mailed check,88.4,788.6,0,7-12 Months,0.6538170087561153,High Risk,Priority retention campaign + service engagement
Male,0,No,No,2,Yes,No,Fiber optic,No,Yes,No,No,No,No,Month-to-month,Yes,Electronic check,74.75,144.8,0,0-6 Months,0.6536334340532334,High Risk,Priority retention campaign + service engagement
Male,0,No,No,3,Yes,No,Fiber optic,No,No,No,No,Yes,No,Month-to-month,No,Electronic check,79.25,267.6,1,0-6 Months,0.6526948591760682,High Risk,Priority retention campaign + service engagement
Male,1,Yes,No,16,Yes,Yes,Fiber optic,No,No,No,No,Yes,No,Month-to-month,Yes,Credit card (automatic),85.05,1391.15,0,13-24 Months,0.6526630978791718,High Risk,Priority retention campaign + service engagement
Male,0,No,No,5,Yes,Yes,Fiber optic,No,Yes,Yes,No,No,Yes,Month-to-month,No,Electronic check,96.55,500.1,0,0-6 Months,0.6526556206923193,High Risk,Priority retention campaign + service engagement
Male,0,Yes,No,9,Yes,Yes,Fiber optic,Yes,No,No,No,No,Yes,Month-to-month,Yes,Electronic check,88.05,801.3,0,7-12 Months,0.6526201143874482,High Risk,Priority retention campaign + service engagement
Male,1,No,No,19,Yes,Yes,Fiber optic,No,No,Yes,No,No,No,Month-to-month,Yes,Electronic check,79.85,1471.75,1,13-24 Months,0.6525276627250488,High Risk,Priority retention campaign + service engagement
Male,0,No,No,20,Yes,Yes,Fiber optic,No,No,Yes,No,Yes,No,Month-to-month,Yes,Electronic check,88.7,1761.45,1,13-24 Months,0.6523614334863314,High Risk,Priority retention campaign + service engagement
Male,0,No,No,13,Yes,No,Fiber optic,No,No,No,No,No,Yes,Month-to-month,Yes,Electronic check,80.85,1008.7,1,13-24 Months,0.6523594832451362,High Risk,Priority retention campaign + service engagement
Male,0,No,No,7,Yes,No,Fiber optic,No,No,No,No,No,No,Month-to-month,Yes,Electronic check,69.55,521.35,0,7-12 Months,0.6522926631401259,High Risk,Priority retention campaign + service engagement
Female,1,No,No,1,No,No phone service,DSL,No,No,No,No,No,No,Month-to-month,No,Electronic check,25.25,25.25,1,0-6 Months,0.6520053087721037,High Risk,Priority retention campaign + service engagement
Male,0,No,No,1,No,No phone service,DSL,No,No,No,No,No,Yes,Month-to-month,Yes,Bank transfer (automatic),35.25,35.25,1,0-6 Months,0.6514696632970713,High Risk,Priority retention campaign + service engagement
Male,0,No,No,21,Yes,Yes,Fiber optic,No,No,No,No,No,Yes,Month-to-month,Yes,Electronic check,84.1,1737.45,0,13-24 Months,0.6509518314086745,High Risk,Priority retention campaign + service engagement
Male,1,Yes,No,1,No,No phone service,DSL,No,Yes,No,No,Yes,No,Month-to-month,No,Electronic check,40.2,40.2,1,0-6 Months,0.6508553390837398,High Risk,Priority retention campaign + service engagement
Female,0,No,No,1,Yes,No,Fiber optic,No,No,Yes,No,Yes,No,Month-to-month,Yes,Credit card (automatic),85.55,85.55,1,0-6 Months,0.6504643400268524,High Risk,Priority retention campaign + service engagement
Female,0,No,No,1,Yes,Yes,Fiber optic,No,No,No,No,No,Yes,Month-to-month,No,Mailed check,85.8,85.8,1,0-6 Months,0.6504070673265472,High Risk,Priority retention campaign + service engagement
Male,1,Yes,No,37,Yes,Yes,Fiber optic,No,No,No,No,Yes,Yes,Month-to-month,Yes,Electronic check,92.5,3473.4,1,25-48 Months,0.6497205818733129,High Risk,Priority retention campaign + service engagement
Female,0,Yes,No,14,Yes,No,Fiber optic,No,No,No,No,No,Yes,Month-to-month,Yes,Electronic check,78.1,1122.4,0,13-24 Months,0.6490728937898654,High Risk,Priority retention campaign + service engagement
Female,0,No,No,4,Yes,Yes,Fiber optic,Yes,No,No,No,No,No,Month-to-month,Yes,Electronic check,80.15,319.85,0,0-6 Months,0.6488495319008705,High Risk,Priority retention campaign + service engagement
Female,1,No,No,1,No,No phone service,DSL,No,No,No,No,No,No,Month-to-month,Yes,Mailed check,25.8,25.8,1,0-6 Months,0.6486134771546243,High Risk,Priority retention campaign + service engagement
Male,0,Yes,No,22,Yes,Yes,Fiber optic,No,No,No,No,No,Yes,Month-to-month,Yes,Electronic check,85.1,1873.7,1,13-24 Months,0.6486088763488711,High Risk,Priority retention campaign + service engagement
Female,0,No,No,14,Yes,Yes,Fiber optic,No,No,Yes,No,No,No,Month-to-month,Yes,Electronic check,80.45,1072.0,1,13-24 Months,0.6485408892821104,High Risk,Priority retention campaign + service engagement
Female,1,No,No,1,No,No phone service,DSL,No,No,No,No,No,No,Month-to-month,Yes,Mailed check,25.7,25.7,1,0-6 Months,0.6484815603017401,High Risk,Priority retention campaign + service engagement
Female,0,Yes,No,1,No,No phone service,DSL,No,No,No,No,No,Yes,Month-to-month,No,Electronic check,35.0,35.0,0,0-6 Months,0.6480489246848117,High Risk,Priority retention campaign + service engagement
Female,1,No,No,15,Yes,Yes,Fiber optic,No,Yes,No,No,No,Yes,Month-to-month,No,Electronic check,89.85,1424.95,1,13-24 Months,0.6478666691353749,High Risk,Priority retention campaign + service engagement
Female,0,No,No,7,Yes,Yes,Fiber optic,No,No,No,No,No,No,Month-to-month,Yes,Bank transfer (automatic),75.1,552.95,1,7-12 Months,0.6478018760341643,High Risk,Priority retention campaign + service engagement
Female,1,No,No,3,Yes,No,Fiber optic,No,No,Yes,No,No,No,Month-to-month,No,Electronic check,73.85,196.4,0,0-6 Months,0.6471303118696748,High Risk,Priority retention campaign + service engagement
Female,1,Yes,No,29,Yes,Yes,Fiber optic,No,No,Yes,No,Yes,Yes,Month-to-month,Yes,Bank transfer (automatic),99.05,2952.85,1,25-48 Months,0.6471183339935811,High Risk,Priority retention campaign + service engagement
Female,0,No,No,7,Yes,No,Fiber optic,No,No,Yes,No,No,No,Month-to-month,Yes,Electronic check,75.15,525.0,0,7-12 Months,0.6470978920918748,High Risk,Priority retention campaign + service engagement
Female,0,Yes,Yes,5,Yes,No,Fiber optic,No,Yes,No,No,No,Yes,Month-to-month,Yes,Electronic check,83.6,404.2,1,0-6 Months,0.6470822625845877,High Risk,Priority retention campaign + service engagement
Male,0,Yes,No,7,Yes,No,Fiber optic,No,No,No,No,No,No,Month-to-month,Yes,Electronic check,69.35,451.1,1,7-12 Months,0.6469359809451145,High Risk,Priority retention campaign + service engagement
Male,0,No,No,7,Yes,Yes,Fiber optic,No,No,No,No,Yes,Yes,Month-to-month,No,Mailed check,95.0,655.5,1,7-12 Months,0.6465905486434078,High Risk,Priority retention campaign + service engagement
Male,1,Yes,No,1,No,No phone service,DSL,No,No,No,No,No,No,Month-to-month,No,Electronic check,25.05,25.05,1,0-6 Months,0.6464272401865445,High Risk,Priority retention campaign + service engagement
Female,1,Yes,No,20,Yes,Yes,Fiber optic,No,No,Yes,No,Yes,No,Month-to-month,No,Electronic check,90.8,1951.0,1,13-24 Months,0.645473223852732,High Risk,Priority retention campaign + service engagement
Female,0,Yes,No,4,No,No phone service,DSL,No,No,No,No,No,No,Month-to-month,Yes,Electronic check,25.15,99.95,0,0-6 Months,0.6452769947690783,High Risk,Priority retention campaign + service engagement
Female,0,Yes,Yes,9,Yes,Yes,Fiber optic,No,No,No,No,Yes,No,Month-to-month,Yes,Bank transfer (automatic),85.35,754.65,1,7-12 Months,0.6450797666702005,High Risk,Priority retention campaign + service engagement
Male,1,No,No,4,Yes,No,Fiber optic,No,No,No,No,No,No,Month-to-month,No,Electronic check,69.35,261.65,0,0-6 Months,0.6450736949182161,High Risk,Priority retention campaign + service engagement
Female,1,No,No,25,Yes,Yes,Fiber optic,No,Yes,No,No,No,Yes,Month-to-month,Yes,Electronic check,89.7,2187.55,1,25-48 Months,0.6449711592293019,High Risk,Priority retention campaign + service engagement
Male,0,No,No,3,Yes,No,Fiber optic,No,Yes,Yes,Yes,Yes,Yes,Month-to-month,Yes,Electronic check,107.95,318.6,0,0-6 Months,0.6449669353618098,High Risk,Priority retention campaign + service engagement
Male,0,No,No,4,Yes,Yes,Fiber optic,Yes,No,No,No,No,No,Month-to-month,Yes,Electronic check,80.1,336.15,0,0-6 Months,0.6445952922693625,High Risk,Priority retention campaign + service engagement
Male,1,No,No,25,Yes,Yes,Fiber optic,No,Yes,No,No,Yes,No,Month-to-month,Yes,Electronic check,88.95,2291.2,1,25-48 Months,0.6443364001388224,High Risk,Priority retention campaign + service engagement
Male,1,Yes,No,41,Yes,Yes,Fiber optic,No,No,Yes,No,Yes,Yes,Month-to-month,Yes,Electronic check,99.8,4259.3,1,25-48 Months,0.6441056101758911,High Risk,Priority retention campaign + service engagement
Male,0,No,No,1,No,No phone service,DSL,No,No,No,No,No,Yes,Month-to-month,No,Electronic check,35.9,35.9,1,0-6 Months,0.6437732418979325,High Risk,Priority retention campaign + service engagement
Female,0,No,No,2,No,No phone service,DSL,No,Yes,No,No,Yes,Yes,Month-to-month,No,Electronic check,51.4,96.8,0,0-6 Months,0.6436914485491004,High Risk,Priority retention campaign + service engagement
Male,0,Yes,Yes,11,Yes,Yes,Fiber optic,No,No,No,No,No,No,Month-to-month,Yes,Electronic check,74.35,834.2,1,7-12 Months,0.6436819066577842,High Risk,Priority retention campaign + service engagement
Female,1,No,No,13,Yes,No,Fiber optic,No,No,Yes,No,No,No,Month-to-month,Yes,Electronic check,74.3,940.35,1,13-24 Months,0.6436004693963846,High Risk,Priority retention campaign + service engagement
Female,0,No,No,4,No,No phone service,DSL,No,No,No,No,No,No,Month-to-month,Yes,Electronic check,24.45,86.6,1,0-6 Months,0.6433457655360176,High Risk,Priority retention campaign + service engagement
Male,0,Yes,No,18,Yes,Yes,Fiber optic,Yes,No,No,No,Yes,Yes,Month-to-month,Yes,Electronic check,99.4,1742.95,1,13-24 Months,0.6431739288446429,High Risk,Priority retention campaign + service engagement
Female,0,No,No,1,Yes,Yes,Fiber optic,No,Yes,No,No,No,No,Month-to-month,Yes,Mailed check,80.2,80.2,1,0-6 Months,0.6429459848131573,High Risk,Priority retention campaign + service engagement
Female,0,No,Yes,12,Yes,Yes,Fiber optic,No,No,No,No,No,No,Month-to-month,Yes,Electronic check,76.6,893.0,0,7-12 Months,0.6424270960154994,High Risk,Priority retention campaign + service engagement
Male,0,No,Yes,1,No,No phone service,DSL,No,No,No,No,No,No,Month-to-month,Yes,Electronic check,25.3,25.3,1,0-6 Months,0.6422692221266543,High Risk,Priority retention campaign + service engagement
Female,1,Yes,No,25,Yes,No,Fiber optic,No,Yes,Yes,No,Yes,Yes,Month-to-month,Yes,Electronic check,98.5,2514.5,1,25-48 Months,0.6421467724993031,High Risk,Priority retention campaign + service engagement
Female,0,No,No,1,Yes,Yes,Fiber optic,No,Yes,No,No,No,No,Month-to-month,Yes,Mailed check,79.15,79.15,0,0-6 Months,0.6415497268532073,High Risk,Priority retention campaign + service engagement
Male,0,No,Yes,1,No,No phone service,DSL,No,No,No,No,No,No,Month-to-month,Yes,Electronic check,24.7,24.7,0,0-6 Months,0.6414709872314506,High Risk,Priority retention campaign + service engagement
Female,0,Yes,No,1,No,No phone service,DSL,No,Yes,No,No,No,No,Month-to-month,Yes,Electronic check,29.85,29.85,0,0-6 Months,0.6411647433075769,High Risk,Priority retention campaign + service engagement
Female,1,Yes,No,5,Yes,No,Fiber optic,No,No,No,No,No,No,Month-to-month,No,Electronic check,70.05,302.6,0,0-6 Months,0.6406787324035481,High Risk,Priority retention campaign + service engagement
Female,0,No,No,5,Yes,No,Fiber optic,No,No,No,No,Yes,No,Month-to-month,No,Electronic check,80.2,384.25,0,0-6 Months,0.6404262812451877,High Risk,Priority retention campaign + service engagement
Male,0,No,No,28,Yes,Yes,Fiber optic,No,Yes,Yes,No,Yes,Yes,Month-to-month,Yes,Electronic check,105.7,2979.5,1,25-48 Months,0.6400845089600876,High Risk,Priority retention campaign + service engagement
Male,0,No,No,4,Yes,No,Fiber optic,No,No,No,No,Yes,No,Month-to-month,No,Electronic check,77.85,299.2,1,0-6 Months,0.639538128642685,High Risk,Priority retention campaign + service engagement
Female,0,No,Yes,1,Yes,No,Fiber optic,No,No,No,No,No,Yes,Month-to-month,No,Electronic check,78.65,78.65,1,0-6 Months,0.6393872001953085,High Risk,Priority retention campaign + service engagement
Male,0,No,No,13,Yes,No,Fiber optic,No,No,Yes,No,Yes,No,Month-to-month,Yes,Electronic check,83.2,1060.6,1,13-24 Months,0.639282023047221,High Risk,Priority retention campaign + service engagement
Male,0,No,No,7,Yes,No,Fiber optic,No,No,Yes,No,No,No,Month-to-month,Yes,Electronic check,74.9,490.55,0,7-12 Months,0.6388039162118105,High Risk,Priority retention campaign + service engagement
Female,0,No,No,1,Yes,Yes,DSL,No,No,No,No,No,Yes,Month-to-month,Yes,Electronic check,60.15,60.15,1,0-6 Months,0.6385880209051309,High Risk,Priority retention campaign + service engagement
Female,0,Yes,Yes,4,Yes,No,Fiber optic,No,No,Yes,No,No,No,Month-to-month,Yes,Electronic check,73.75,325.45,1,0-6 Months,0.6384183138747076,High Risk,Priority retention campaign + service engagement
Female,1,No,No,2,No,No phone service,DSL,No,No,No,No,No,No,Month-to-month,No,Electronic check,24.35,41.85,1,0-6 Months,0.6383475624240214,High Risk,Priority retention campaign + service engagement
Female,0,No,No,2,Yes,No,Fiber optic,No,Yes,No,No,Yes,No,Month-to-month,Yes,Bank transfer (automatic),87.15,183.75,1,0-6 Months,0.6380464194993424,High Risk,Priority retention campaign + service engagement
Male,1,No,No,25,Yes,Yes,Fiber optic,No,Yes,No,No,Yes,No,Month-to-month,Yes,Electronic check,89.5,2196.15,1,25-48 Months,0.6379536405213551,High Risk,Priority retention campaign + service engagement
Male,1,No,No,5,Yes,No,Fiber optic,No,No,No,No,No,No,Month-to-month,Yes,Mailed check,71.45,371.6,0,0-6 Months,0.6379042094004551,High Risk,Priority retention campaign + service engagement
Male,0,No,Yes,15,Yes,Yes,Fiber optic,No,Yes,No,No,Yes,No,Month-to-month,Yes,Electronic check,91.0,1430.05,0,13-24 Months,0.6378623743366939,High Risk,Priority retention campaign + service engagement
Female,0,No,No,2,Yes,Yes,Fiber optic,No,Yes,No,No,No,No,Month-to-month,No,Electronic check,79.55,151.75,0,0-6 Months,0.6377813622772724,High Risk,Priority retention campaign + service engagement
Female,1,No,No,28,Yes,Yes,Fiber optic,No,No,Yes,Yes,Yes,Yes,Month-to-month,Yes,Electronic check,103.3,2890.65,1,25-48 Months,0.637031844759873,High Risk,Priority retention campaign + service engagement
Male,1,No,No,41,Yes,Yes,Fiber optic,No,No,Yes,No,Yes,Yes,Month-to-month,Yes,Electronic check,98.4,4187.75,1,25-48 Months,0.6369498563731837,High Risk,Priority retention campaign + service engagement
Female,0,Yes,No,15,Yes,No,Fiber optic,No,No,Yes,No,Yes,No,Month-to-month,Yes,Electronic check,84.3,1308.4,1,13-24 Months,0.6369352103566991,High Risk,Priority retention campaign + service engagement
Female,1,Yes,No,1,Yes,No,Fiber optic,No,Yes,No,No,No,No,Month-to-month,Yes,Mailed check,76.4,76.4,1,0-6 Months,0.6366679554198511,High Risk,Priority retention campaign + service engagement
Male,1,Yes,No,29,Yes,Yes,Fiber optic,No,No,No,No,No,Yes,Month-to-month,Yes,Electronic check,84.3,2357.75,0,25-48 Months,0.6364588233309093,High Risk,Priority retention campaign + service engagement
Female,1,No,No,5,Yes,No,Fiber optic,No,No,No,No,No,No,Month-to-month,Yes,Mailed check,69.05,318.5,1,0-6 Months,0.636361988702981,High Risk,Priority retention campaign + service engagement
Female,0,No,No,6,Yes,Yes,Fiber optic,No,No,No,No,No,No,Month-to-month,Yes,Mailed check,73.85,401.3,0,0-6 Months,0.6359979378737372,High Risk,Priority retention campaign + service engagement
Male,0,Yes,No,16,Yes,Yes,Fiber optic,No,No,No,No,No,No,Month-to-month,Yes,Electronic check,75.4,1189.4,0,13-24 Months,0.6359125431188014,High Risk,Priority retention campaign + service engagement
Male,0,Yes,Yes,1,Yes,No,Fiber optic,No,No,No,No,No,Yes,Month-to-month,No,Electronic check,80.0,80.0,1,0-6 Months,0.635800243294102,High Risk,Priority retention campaign + service engagement
Female,0,Yes,No,19,Yes,Yes,Fiber optic,No,Yes,No,No,No,Yes,Month-to-month,Yes,Electronic check,89.1,1620.8,0,13-24 Months,0.6354506296419291,High Risk,Priority retention campaign + service engagement
Female,1,Yes,No,31,Yes,Yes,Fiber optic,No,No,No,No,No,Yes,Month-to-month,Yes,Electronic check,84.85,2633.4,0,25-48 Months,0.6354303512021853,High Risk,Priority retention campaign + service engagement
Female,1,Yes,Yes,32,Yes,Yes,Fiber optic,No,Yes,No,No,Yes,Yes,Month-to-month,Yes,Electronic check,100.4,3217.65,0,25-48 Months,0.6352809040521429,High Risk,Priority retention campaign + service engagement
Female,1,No,No,26,Yes,Yes,Fiber optic,No,Yes,No,No,Yes,No,Month-to-month,Yes,Electronic check,89.15,2277.65,1,25-48 Months,0.6351666775138046,High Risk,Priority retention campaign + service engagement
Female,0,Yes,Yes,1,Yes,No,Fiber optic,No,No,No,No,Yes,No,Month-to-month,Yes,Mailed check,80.05,80.05,1,0-6 Months,0.635158316382845,High Risk,Priority retention campaign + service engagement
Male,1,Yes,No,39,Yes,Yes,Fiber optic,No,Yes,Yes,No,Yes,Yes,Month-to-month,Yes,Electronic check,105.65,4284.8,1,25-48 Months,0.6346921851800387,High Risk,Priority retention campaign + service engagement
Male,0,Yes,No,21,Yes,Yes,Fiber optic,No,No,Yes,Yes,Yes,Yes,Month-to-month,Yes,Electronic check,106.1,2249.95,1,13-24 Months,0.6346747201319588,High Risk,Priority retention campaign + service engagement
Female,0,Yes,No,34,Yes,Yes,Fiber optic,No,No,Yes,No,Yes,Yes,Month-to-month,Yes,Electronic check,100.45,3414.65,0,25-48 Months,0.6346649859375034,High Risk,Priority retention campaign + service engagement
Female,1,No,No,10,Yes,No,Fiber optic,No,No,Yes,No,No,Yes,Month-to-month,Yes,Credit card (automatic),84.6,865.55,1,7-12 Months,0.6344695836503952,High Risk,Priority retention campaign + service engagement
Male,0,No,No,4,Yes,No,Fiber optic,No,No,Yes,No,No,Yes,Month-to-month,No,Electronic check,86.05,308.1,0,0-6 Months,0.6344607107331717,High Risk,Priority retention campaign + service engagement
Male,0,No,No,24,Yes,No,Fiber optic,No,No,No,No,Yes,Yes,Month-to-month,Yes,Electronic check,90.35,2238.5,1,13-24 Months,0.6343408391498866,High Risk,Priority retention campaign + service engagement
Female,0,Yes,Yes,1,Yes,No,Fiber optic,No,Yes,No,No,No,No,Month-to-month,Yes,Electronic check,74.7,74.7,1,0-6 Months,0.6341084453530614,High Risk,Priority retention campaign + service engagement
Female,0,Yes,No,34,Yes,Yes,Fiber optic,No,No,No,No,Yes,Yes,Month-to-month,Yes,Electronic check,97.65,3207.55,1,25-48 Months,0.6337210652279528,High Risk,Priority retention campaign + service engagement
Female,1,No,No,2,Yes,No,Fiber optic,No,No,No,No,Yes,No,Month-to-month,No,Mailed check,81.5,162.55,0,0-6 Months,0.6336545282732574,High Risk,Priority retention campaign + service engagement
Male,0,Yes,No,34,Yes,Yes,Fiber optic,No,No,Yes,No,Yes,Yes,Month-to-month,Yes,Electronic check,100.05,3480.0,1,25-48 Months,0.633582452628227,High Risk,Priority retention campaign + service engagement
Male,1,No,No,5,Yes,No,Fiber optic,No,No,No,No,No,No,Month-to-month,Yes,Mailed check,70.25,331.9,1,0-6 Months,0.6334114387334735,High Risk,Priority retention campaign + service engagement
Female,0,Yes,Yes,10,Yes,Yes,Fiber optic,No,No,No,No,No,Yes,Month-to-month,No,Electronic check,85.95,858.6,0,7-12 Months,0.633058693097227,High Risk,Priority retention campaign + service engagement
Female,1,Yes,No,26,Yes,Yes,Fiber optic,No,Yes,Yes,No,No,Yes,Month-to-month,Yes,Electronic check,93.85,2381.55,1,25-48 Months,0.6328305307053781,High Risk,Priority retention campaign + service engagement
Female,0,Yes,No,21,Yes,Yes,Fiber optic,Yes,No,Yes,No,Yes,Yes,Month-to-month,Yes,Electronic check,103.9,2254.2,1,13-24 Months,0.6327837296101426,High Risk,Priority retention campaign + service engagement
Female,1,No,No,17,Yes,No,Fiber optic,No,Yes,Yes,No,Yes,No,Month-to-month,Yes,Electronic check,89.15,1496.9,1,13-24 Months,0.6326212156937707,High Risk,Priority retention campaign + service engagement
Female,0,No,No,5,Yes,Yes,Fiber optic,No,No,Yes,Yes,No,No,Month-to-month,Yes,Electronic check,82.75,417.75,0,0-6 Months,0.6324262338691132,High Risk,Priority retention campaign + service engagement
Female,0,No,No,1,Yes,No,Fiber optic,No,Yes,No,No,Yes,No,Month-to-month,No,Electronic check,84.3,84.3,1,0-6 Months,0.6322268318302146,High Risk,Priority retention campaign + service engagement
Male,0,No,No,5,Yes,No,Fiber optic,No,No,No,No,Yes,No,Month-to-month,Yes,Mailed check,80.1,398.55,0,0-6 Months,0.6317136959873483,High Risk,Priority retention campaign + service engagement
Female,1,Yes,No,3,Yes,No,Fiber optic,No,Yes,No,No,No,No,Month-to-month,Yes,Bank transfer (automatic),74.6,239.05,0,0-6 Months,0.6315939487703361,High Risk,Priority retention campaign + service engagement
Male,0,No,No,9,Yes,No,Fiber optic,No,No,No,No,No,No,Month-to-month,Yes,Electronic check,70.5,597.9,0,7-12 Months,0.6315446290824988,High Risk,Priority retention campaign + service engagement
Female,1,Yes,No,11,Yes,No,Fiber optic,No,No,No,Yes,Yes,No,Month-to-month,Yes,Electronic check,82.9,880.05,0,7-12 Months,0.6314167442675365,High Risk,Priority retention campaign + service engagement
Male,1,No,No,10,Yes,No,Fiber optic,No,Yes,No,No,No,No,Month-to-month,Yes,Electronic check,72.85,688.65,1,7-12 Months,0.6307328133261942,High Risk,Priority retention campaign + service engagement
Male,0,No,No,1,Yes,Yes,DSL,No,No,No,No,Yes,No,Month-to-month,Yes,Electronic check,59.85,59.85,1,0-6 Months,0.630718945474287,High Risk,Priority retention campaign + service engagement
Female,1,No,No,11,Yes,No,Fiber optic,No,No,No,No,Yes,Yes,Month-to-month,No,Bank transfer (automatic),89.7,1047.7,1,7-12 Months,0.6306946272937591,High Risk,Priority retention campaign + service engagement
Female,0,No,No,12,Yes,No,Fiber optic,No,Yes,No,No,No,Yes,Month-to-month,Yes,Electronic check,84.6,1017.35,0,7-12 Months,0.6306891537491254,High Risk,Priority retention campaign + service engagement
Female,1,No,No,20,Yes,Yes,Fiber optic,No,No,No,No,No,Yes,Month-to-month,Yes,Credit card (automatic),85.8,1727.5,1,13-24 Months,0.6306750347533547,High Risk,Priority retention campaign + service engagement
Female,0,No,No,1,Yes,No,Fiber optic,No,No,No,No,No,No,Month-to-month,No,Electronic check,71.35,71.35,1,0-6 Months,0.630668254451171,High Risk,Priority retention campaign + service engagement
Male,1,No,No,8,No,No phone service,DSL,No,No,Yes,No,No,No,Month-to-month,Yes,Electronic check,29.4,221.9,1,7-12 Months,0.6304447271745807,High Risk,Priority retention campaign + service engagement
Female,0,No,No,5,Yes,No,Fiber optic,No,No,No,No,Yes,No,Month-to-month,Yes,Credit card (automatic),81.0,389.6,1,0-6 Months,0.6300256247247741,High Risk,Priority retention campaign + service engagement
Female,1,Yes,No,8,Yes,Yes,Fiber optic,No,Yes,No,No,No,No,Month-to-month,Yes,Credit card (automatic),80.65,633.3,1,7-12 Months,0.6299097683093257,High Risk,Priority retention campaign + service engagement
Male,1,No,No,21,Yes,No,Fiber optic,No,No,Yes,No,Yes,Yes,Month-to-month,Yes,Bank transfer (automatic),96.8,2030.3,1,13-24 Months,0.629824957731464,High Risk,Priority retention campaign + service engagement
Male,0,No,No,5,Yes,No,Fiber optic,No,Yes,No,No,No,No,Month-to-month,Yes,Electronic check,74.65,383.65,0,0-6 Months,0.629812416954528,High Risk,Priority retention campaign + service engagement
Female,0,No,No,1,Yes,No,Fiber optic,No,No,No,No,No,No,Month-to-month,No,Electronic check,70.5,70.5,1,0-6 Months,0.629521668051787,High Risk,Priority retention campaign + service engagement
Male,0,No,Yes,1,Yes,No,Fiber optic,No,Yes,No,No,No,No,Month-to-month,Yes,Electronic check,75.35,75.35,1,0-6 Months,0.6294227414113965,High Risk,Priority retention campaign + service engagement
Male,0,No,No,7,Yes,Yes,Fiber optic,No,No,No,No,No,No,Month-to-month,No,Electronic check,73.6,520.0,1,7-12 Months,0.6293495870560465,High Risk,Priority retention campaign + service engagement
Female,0,No,No,8,Yes,No,Fiber optic,No,No,No,No,Yes,No,Month-to-month,Yes,Bank transfer (automatic),80.1,679.3,1,7-12 Months,0.6293073037513395,High Risk,Priority retention campaign + service engagement
Male,1,No,No,2,No,No phone service,DSL,No,No,No,No,No,No,Month-to-month,Yes,Mailed check,24.45,47.5,1,0-6 Months,0.6292159606738023,High Risk,Priority retention campaign + service engagement
Female,0,No,No,30,Yes,Yes,Fiber optic,No,Yes,No,No,Yes,Yes,Month-to-month,Yes,Electronic check,100.2,2983.8,1,25-48 Months,0.6291746703931242,High Risk,Priority retention campaign + service engagement
Male,1,No,No,19,Yes,Yes,Fiber optic,Yes,No,No,No,Yes,No,Month-to-month,Yes,Electronic check,90.6,1660.0,1,13-24 Months,0.6290051458790815,High Risk,Priority retention campaign + service engagement
Female,0,No,No,1,Yes,No,Fiber optic,No,No,No,No,No,No,Month-to-month,No,Electronic check,70.1,70.1,0,0-6 Months,0.6289815913999942,High Risk,Priority retention campaign + service engagement
Female,0,No,No,35,Yes,Yes,Fiber optic,No,No,Yes,No,Yes,Yes,Month-to-month,Yes,Electronic check,100.25,3527.6,1,25-48 Months,0.628859127694534,High Risk,Priority retention campaign + service engagement
Male,0,No,No,4,No,No phone service,DSL,No,No,Yes,No,No,No,Month-to-month,Yes,Electronic check,29.65,118.5,1,0-6 Months,0.6287371077458961,High Risk,Priority retention campaign + service engagement
Female,1,Yes,No,18,No,No phone service,DSL,No,No,Yes,No,Yes,Yes,Month-to-month,Yes,Electronic check,48.35,810.7,1,13-24 Months,0.6284318690433986,High Risk,Priority retention campaign + service engagement
Male,0,No,No,3,Yes,Yes,Fiber optic,No,Yes,Yes,No,Yes,Yes,Month-to-month,No,Mailed check,107.95,313.6,0,0-6 Months,0.6283663037891202,High Risk,Priority retention campaign + service engagement
Female,0,Yes,Yes,30,Yes,Yes,Fiber optic,No,No,Yes,No,Yes,Yes,Month-to-month,Yes,Electronic check,100.05,3046.15,1,25-48 Months,0.6283458781212425,High Risk,Priority retention campaign + service engagement
Female,1,No,No,3,No,No phone service,DSL,No,No,No,No,No,No,Month-to-month,No,Electronic check,25.3,77.75,1,0-6 Months,0.6282892874729141,High Risk,Priority retention campaign + service engagement
Female,0,No,No,6,Yes,Yes,Fiber optic,Yes,No,No,No,No,No,Month-to-month,Yes,Electronic check,79.05,434.5,1,0-6 Months,0.628275662804341,High Risk,Priority retention campaign + service engagement
Male,0,Yes,No,10,Yes,No,Fiber optic,No,No,No,No,No,No,Month-to-month,Yes,Electronic check,70.3,738.2,1,7-12 Months,0.6279206247761417,High Risk,Priority retention campaign + service engagement
Female,0,Yes,No,8,Yes,No,Fiber optic,No,Yes,Yes,No,Yes,Yes,Month-to-month,No,Electronic check,101.15,842.9,1,7-12 Months,0.627635908992561,High Risk,Priority retention campaign + service engagement
Male,0,No,No,10,Yes,No,Fiber optic,No,No,No,No,No,No,Month-to-month,Yes,Electronic check,70.0,740.0,1,7-12 Months,0.6276073871645078,High Risk,Priority retention campaign + service engagement
Male,0,No,No,4,Yes,No,Fiber optic,No,No,Yes,Yes,No,Yes,Month-to-month,Yes,Electronic check,90.4,356.65,0,0-6 Months,0.6275068198530933,High Risk,Priority retention campaign + service engagement
Female,0,No,No,1,Yes,No,Fiber optic,No,No,No,No,No,No,Month-to-month,No,Electronic check,68.65,68.65,1,0-6 Months,0.6270211175735105,High Risk,Priority retention campaign + service engagement
Female,1,No,No,14,Yes,Yes,Fiber optic,No,No,Yes,No,No,No,Month-to-month,Yes,Bank transfer (automatic),80.35,1058.1,0,13-24 Months,0.6267142335191473,High Risk,Priority retention campaign + service engagement
Female,0,No,No,1,Yes,No,Fiber optic,No,No,No,No,No,No,Month-to-month,Yes,Mailed check,70.8,70.8,1,0-6 Months,0.6256975874648618,High Risk,Priority retention campaign + service engagement
Male,0,Yes,No,5,No,No phone service,DSL,No,No,No,No,No,No,Month-to-month,Yes,Electronic check,24.95,100.4,1,0-6 Months,0.6256632691186024,High Risk,Priority retention campaign + service engagement
Female,0,No,No,1,Yes,No,Fiber optic,No,No,No,No,No,No,Month-to-month,Yes,Mailed check,70.7,70.7,0,0-6 Months,0.6255620340198195,High Risk,Priority retention campaign + service engagement
Male,0,No,No,9,Yes,No,Fiber optic,No,No,Yes,No,No,No,Month-to-month,Yes,Electronic check,73.8,704.3,0,7-12 Months,0.6255269581745226,High Risk,Priority retention campaign + service engagement
Male,1,Yes,No,27,Yes,Yes,Fiber optic,No,Yes,Yes,No,No,Yes,Month-to-month,Yes,Electronic check,95.55,2510.2,1,25-48 Months,0.6251688226394232,High Risk,Priority retention campaign + service engagement
Female,0,No,No,8,Yes,No,Fiber optic,No,No,No,No,Yes,No,Month-to-month,Yes,Bank transfer (automatic),80.0,624.6,0,7-12 Months,0.6250420702086211,High Risk,Priority retention campaign + service engagement
Female,0,No,No,4,Yes,No,Fiber optic,No,No,Yes,No,No,Yes,Month-to-month,Yes,Credit card (automatic),82.85,319.6,0,0-6 Months,0.6248690763230289,High Risk,Priority retention campaign + service engagement
Female,0,No,No,1,Yes,No,Fiber optic,No,No,No,No,No,No,Month-to-month,Yes,Mailed check,70.15,70.15,1,0-6 Months,0.6248161383831192,High Risk,Priority retention campaign + service engagement
Female,0,No,No,1,Yes,No,Fiber optic,No,No,No,No,No,No,Month-to-month,Yes,Mailed check,70.15,70.15,1,0-6 Months,0.6248161383831192,High Risk,Priority retention campaign + service engagement
Female,0,No,No,1,Yes,No,Fiber optic,No,No,No,No,No,No,Month-to-month,Yes,Mailed check,69.95,69.95,1,0-6 Months,0.6245447564362709,High Risk,Priority retention campaign + service engagement
Male,0,No,No,14,No,No phone service,DSL,No,No,Yes,No,Yes,Yes,Month-to-month,Yes,Electronic check,50.75,712.75,1,13-24 Months,0.6242858998924324,High Risk,Priority retention campaign + service engagement
Female,1,Yes,No,42,Yes,Yes,Fiber optic,No,No,No,No,Yes,Yes,Month-to-month,Yes,Electronic check,95.05,3944.5,0,25-48 Months,0.6241421572303251,High Risk,Priority retention campaign + service engagement
Male,0,Yes,Yes,19,Yes,Yes,Fiber optic,No,No,No,No,No,Yes,Month-to-month,Yes,Electronic check,83.65,1465.75,1,13-24 Months,0.6241398475102288,High Risk,Priority retention campaign + service engagement
Male,1,Yes,No,38,Yes,Yes,Fiber optic,No,Yes,Yes,No,Yes,Yes,Month-to-month,Yes,Electronic check,102.6,4009.2,0,25-48 Months,0.6240325337263627,High Risk,Priority retention campaign + service engagement
Female,0,Yes,Yes,8,Yes,No,Fiber optic,No,Yes,No,No,Yes,No,Month-to-month,Yes,Electronic check,83.55,680.05,1,7-12 Months,0.6239296870158126,High Risk,Priority retention campaign + service engagement
Female,1,No,No,6,Yes,No,Fiber optic,No,No,Yes,No,No,No,Month-to-month,No,Electronic check,74.4,434.1,1,0-6 Months,0.6238663378892727,High Risk,Priority retention campaign + service engagement
Female,0,Yes,No,1,Yes,No,Fiber optic,No,No,No,No,No,No,Month-to-month,Yes,Mailed check,69.4,69.4,1,0-6 Months,0.6238645916493409,High Risk,Priority retention campaign + service engagement
Male,0,No,No,1,Yes,No,Fiber optic,No,No,No,No,No,No,Month-to-month,No,Electronic check,70.4,70.4,1,0-6 Months,0.623860428555782,High Risk,Priority retention campaign + service engagement
Female,0,No,No,18,Yes,Yes,Fiber optic,No,No,No,No,No,No,Month-to-month,Yes,Electronic check,74.15,1345.75,0,13-24 Months,0.6235195087294629,High Risk,Priority retention campaign + service engagement
Female,0,No,No,6,Yes,No,Fiber optic,No,No,Yes,No,No,Yes,Month-to-month,No,Electronic check,83.9,497.55,1,0-6 Months,0.6234744403655634,High Risk,Priority retention campaign + service engagement
Female,1,Yes,No,28,Yes,Yes,Fiber optic,No,Yes,Yes,Yes,Yes,Yes,Month-to-month,Yes,Electronic check,110.85,3204.4,0,25-48 Months,0.6234590648738872,High Risk,Priority retention campaign + service engagement
Female,0,Yes,Yes,10,Yes,Yes,Fiber optic,No,Yes,Yes,No,Yes,Yes,Month-to-month,Yes,Credit card (automatic),102.1,1068.85,1,7-12 Months,0.6234347280418038,High Risk,Priority retention campaign + service engagement
Male,0,Yes,No,1,Yes,No,Fiber optic,No,No,No,No,No,No,Month-to-month,No,Electronic check,70.0,70.0,1,0-6 Months,0.6233836096030664,High Risk,Priority retention campaign + service engagement
Male,1,No,No,11,Yes,No,Fiber optic,No,No,No,No,No,Yes,Month-to-month,Yes,Credit card (automatic),79.15,827.7,0,7-12 Months,0.6233761164959605,High Risk,Priority retention campaign + service engagement
Male,0,No,No,1,Yes,No,Fiber optic,No,No,No,No,No,No,Month-to-month,No,Electronic check,69.95,69.95,1,0-6 Months,0.6232490915017571,High Risk,Priority retention campaign + service engagement
Female,0,No,No,9,Yes,Yes,Fiber optic,No,No,Yes,No,Yes,Yes,Month-to-month,No,Credit card (automatic),98.3,923.5,1,7-12 Months,0.6227128281844965,High Risk,Priority retention campaign + service engagement
Female,0,Yes,Yes,7,Yes,No,Fiber optic,No,No,No,No,No,No,Month-to-month,Yes,Electronic check,69.0,506.9,1,7-12 Months,0.6222519719769983,High Risk,Priority retention campaign + service engagement
Female,0,No,Yes,7,Yes,No,Fiber optic,No,No,No,No,No,No,Month-to-month,Yes,Electronic check,71.05,472.65,0,7-12 Months,0.6222139536456393,High Risk,Priority retention campaign + service engagement
Male,0,Yes,Yes,6,Yes,No,Fiber optic,No,No,No,No,No,No,Month-to-month,Yes,Electronic check,69.8,377.85,0,0-6 Months,0.6220459210212023,High Risk,Priority retention campaign + service engagement
Female,1,No,No,6,Yes,No,Fiber optic,Yes,No,No,No,No,No,Month-to-month,Yes,Electronic check,74.1,450.9,0,0-6 Months,0.6218836861702194,High Risk,Priority retention campaign + service engagement
Female,0,No,No,37,Yes,Yes,Fiber optic,No,No,Yes,No,Yes,Yes,Month-to-month,Yes,Electronic check,100.05,3810.55,0,25-48 Months,0.6218778880894957,High Risk,Priority retention campaign + service engagement
Male,0,Yes,No,10,Yes,No,Fiber optic,No,No,No,No,No,No,Month-to-month,Yes,Electronic check,70.1,659.65,1,7-12 Months,0.6217079237633727,High Risk,Priority retention campaign + service engagement
Male,1,Yes,No,30,Yes,Yes,Fiber optic,No,No,No,Yes,Yes,Yes,Month-to-month,Yes,Electronic check,101.5,2917.65,0,25-48 Months,0.6215317059325232,High Risk,Priority retention campaign + service engagement
Male,0,Yes,Yes,20,Yes,No,Fiber optic,No,No,No,No,Yes,Yes,Month-to-month,Yes,Electronic check,90.2,1776.55,1,13-24 Months,0.6213186665652929,High Risk,Priority retention campaign + service engagement
Male,0,No,No,1,Yes,No,Fiber optic,No,No,No,No,No,No,Month-to-month,Yes,Mailed check,71.55,71.55,1,0-6 Months,0.6211714901941024,High Risk,Priority retention campaign + service engagement
Female,1,No,No,5,Yes,No,Fiber optic,No,No,Yes,No,No,No,Month-to-month,Yes,Credit card (automatic),75.55,349.65,1,0-6 Months,0.6210683373104543,High Risk,Priority retention campaign + service engagement
Male,0,No,No,1,Yes,No,Fiber optic,No,No,No,No,No,No,Month-to-month,Yes,Mailed check,71.35,71.35,1,0-6 Months,0.6208990715016095,High Risk,Priority retention campaign + service engagement
Male,1,No,No,12,Yes,Yes,Fiber optic,No,No,No,No,No,No,Month-to-month,Yes,Credit card (automatic),73.3,828.05,0,7-12 Months,0.6204762132889973,High Risk,Priority retention campaign + service engagement
Female,0,No,No,2,Yes,No,Fiber optic,No,No,No,No,No,No,Month-to-month,No,Electronic check,70.35,139.25,0,0-6 Months,0.6204519566720457,High Risk,Priority retention campaign + service engagement
Female,0,No,No,3,Yes,No,Fiber optic,No,No,No,No,No,No,Month-to-month,Yes,Bank transfer (automatic),69.55,222.3,1,0-6 Months,0.6204200001732773,High Risk,Priority retention campaign + service engagement
Female,0,No,No,2,Yes,No,Fiber optic,No,No,No,No,No,No,Month-to-month,No,Electronic check,69.65,145.15,1,0-6 Months,0.6200005944021516,High Risk,Priority retention campaign + service engagement
Male,0,No,No,1,Yes,No,Fiber optic,No,No,No,No,No,No,Month-to-month,Yes,Mailed check,70.6,70.6,0,0-6 Months,0.619876823482368,High Risk,Priority retention campaign + service engagement
Female,0,No,No,13,Yes,Yes,Fiber optic,No,Yes,Yes,No,No,No,Month-to-month,Yes,Electronic check,84.45,1058.6,1,13-24 Months,0.6198689983569343,High Risk,Priority retention campaign + service engagement
Male,0,No,No,26,Yes,Yes,Fiber optic,No,No,No,No,No,Yes,Month-to-month,Yes,Electronic check,83.95,2254.2,1,25-48 Months,0.6198651330060622,High Risk,Priority retention campaign + service engagement
Male,0,Yes,Yes,9,Yes,Yes,Fiber optic,No,Yes,Yes,No,Yes,Yes,Month-to-month,Yes,Credit card (automatic),102.6,897.75,0,7-12 Months,0.6196432565651753,High Risk,Priority retention campaign + service engagement
Female,0,No,No,4,Yes,Yes,Fiber optic,No,Yes,No,No,No,No,Month-to-month,Yes,Mailed check,80.3,324.2,0,0-6 Months,0.6194691218110712,High Risk,Priority retention campaign + service engagement
Female,0,Yes,No,15,Yes,No,Fiber optic,No,No,No,No,Yes,Yes,Month-to-month,No,Electronic check,88.15,1390.6,1,13-24 Months,0.6193769482789406,High Risk,Priority retention campaign + service engagement
Male,1,Yes,No,36,Yes,Yes,Fiber optic,No,Yes,No,No,Yes,Yes,Month-to-month,Yes,Electronic check,96.5,3436.1,1,25-48 Months,0.6192675298024481,High Risk,Priority retention campaign + service engagement
Male,1,No,No,4,No,No phone service,DSL,No,No,No,No,No,No,Month-to-month,Yes,Bank transfer (automatic),25.2,102.5,1,0-6 Months,0.6191859536487578,High Risk,Priority retention campaign + service engagement
Male,1,No,No,16,Yes,Yes,Fiber optic,No,No,No,No,No,No,Month-to-month,Yes,Bank transfer (automatic),74.45,1261.35,0,13-24 Months,0.6191696009154115,High Risk,Priority retention campaign + service engagement
Female,0,No,No,1,Yes,No,Fiber optic,No,No,Yes,No,No,No,Month-to-month,No,Electronic check,76.35,76.35,1,0-6 Months,0.61911593580429,High Risk,Priority retention campaign + service engagement
Male,0,No,No,25,Yes,Yes,Fiber optic,No,No,No,No,No,Yes,Month-to-month,Yes,Electronic check,84.8,2043.45,1,25-48 Months,0.6190608117066118,High Risk,Priority retention campaign + service engagement
Female,0,No,No,7,Yes,No,Fiber optic,No,No,No,No,Yes,No,Month-to-month,Yes,Mailed check,80.3,526.7,1,7-12 Months,0.6190473243522538,High Risk,Priority retention campaign + service engagement
Male,0,No,No,10,Yes,Yes,Fiber optic,Yes,No,No,No,Yes,Yes,Month-to-month,No,Electronic check,98.55,1008.55,1,7-12 Months,0.6189214849705561,High Risk,Priority retention campaign + service engagement
Female,0,No,No,12,Yes,Yes,Fiber optic,No,Yes,No,No,Yes,No,Month-to-month,Yes,Bank transfer (automatic),89.75,1052.4,1,7-12 Months,0.6182580988963331,High Risk,Priority retention campaign + service engagement
Male,1,Yes,No,22,Yes,No,Fiber optic,No,No,No,No,Yes,Yes,Month-to-month,Yes,Bank transfer (automatic),89.75,1938.9,0,13-24 Months,0.6181651922061376,High Risk,Priority retention campaign + service engagement
Female,0,No,No,1,Yes,No,Fiber optic,No,No,Yes,No,No,No,Month-to-month,No,Electronic check,75.55,75.55,0,0-6 Months,0.6180235263533653,High Risk,Priority retention campaign + service engagement
Female,0,No,No,1,Yes,No,Fiber optic,No,No,Yes,No,No,No,Month-to-month,No,Electronic check,75.3,75.3,1,0-6 Months,0.6176819029661854,High Risk,Priority retention campaign + service engagement
Female,0,Yes,No,37,Yes,Yes,Fiber optic,No,No,Yes,No,Yes,Yes,Month-to-month,Yes,Electronic check,99.5,3762.0,1,25-48 Months,0.6175352316816127,High Risk,Priority retention campaign + service engagement
Male,0,No,No,22,Yes,Yes,Fiber optic,No,No,No,No,Yes,Yes,Month-to-month,Yes,Credit card (automatic),94.65,2104.55,1,13-24 Months,0.617487791089068,High Risk,Priority retention campaign + service engagement
Male,0,Yes,No,36,Yes,Yes,Fiber optic,No,No,No,No,Yes,Yes,Month-to-month,Yes,Electronic check,95.4,3474.2,0,25-48 Months,0.617351199585206,High Risk,Priority retention campaign + service engagement
Male,1,No,No,15,Yes,Yes,Fiber optic,No,No,No,No,No,No,Month-to-month,No,Electronic check,75.65,1146.65,1,13-24 Months,0.6173010144372183,High Risk,Priority retention campaign + service engagement
Female,0,No,No,2,Yes,No,Fiber optic,No,No,No,No,No,No,Month-to-month,No,Electronic check,68.95,119.75,1,0-6 Months,0.6171595722814887,High Risk,Priority retention campaign + service engagement
Female,0,No,No,14,Yes,No,Fiber optic,No,Yes,No,No,No,Yes,Month-to-month,Yes,Electronic check,86.3,1180.95,1,13-24 Months,0.6170743903726834,High Risk,Priority retention campaign + service engagement
Female,0,Yes,Yes,4,Yes,No,Fiber optic,No,No,No,No,No,Yes,Month-to-month,No,Electronic check,80.85,302.75,1,0-6 Months,0.6170741667088304,High Risk,Priority retention campaign + service engagement
Female,1,No,No,15,Yes,Yes,Fiber optic,No,No,No,No,No,No,Month-to-month,Yes,Mailed check,74.45,1145.7,1,13-24 Months,0.6169838268922554,High Risk,Priority retention campaign + service engagement
Female,0,No,No,3,Yes,Yes,DSL,No,No,No,No,Yes,No,Month-to-month,Yes,Electronic check,60.25,170.5,0,0-6 Months,0.6169600618468509,High Risk,Priority retention campaign + service engagement
Male,1,No,No,19,Yes,No,Fiber optic,No,No,Yes,No,Yes,Yes,Month-to-month,Yes,Credit card (automatic),95.9,1777.9,1,13-24 Months,0.6169585818807974,High Risk,Priority retention campaign + service engagement
Male,1,Yes,No,32,Yes,Yes,Fiber optic,No,No,No,No,No,Yes,Month-to-month,Yes,Electronic check,85.0,2642.05,1,25-48 Months,0.6166761935299385,High Risk,Priority retention campaign + service engagement
Female,1,No,No,8,Yes,No,Fiber optic,No,No,Yes,No,No,No,Month-to-month,Yes,Bank transfer (automatic),74.05,600.15,0,7-12 Months,0.6165773001496654,High Risk,Priority retention campaign + service engagement
Female,0,Yes,Yes,17,Yes,Yes,Fiber optic,Yes,No,Yes,No,Yes,Yes,Month-to-month,Yes,Electronic check,104.2,1743.5,1,13-24 Months,0.6165304000660032,High Risk,Priority retention campaign + service engagement
Male,0,No,No,14,Yes,Yes,Fiber optic,No,No,No,Yes,Yes,No,Month-to-month,Yes,Electronic check,89.95,1178.4,1,13-24 Months,0.6164737526478491,High Risk,Priority retention campaign + service engagement
Male,0,No,Yes,11,Yes,Yes,Fiber optic,No,No,No,No,No,Yes,Month-to-month,No,Electronic check,86.2,893.2,0,7-12 Months,0.6163058760177449,High Risk,Priority retention campaign + service engagement
Male,0,No,No,4,Yes,Yes,Fiber optic,No,Yes,No,No,No,No,Month-to-month,No,Electronic check,78.45,330.05,1,0-6 Months,0.6162254889262624,High Risk,Priority retention campaign + service engagement
Female,0,No,No,10,Yes,No,Fiber optic,No,No,No,No,No,Yes,Month-to-month,Yes,Bank transfer (automatic),80.25,846.0,1,7-12 Months,0.6159366317304956,High Risk,Priority retention campaign + service engagement
Female,1,Yes,No,23,Yes,No,Fiber optic,Yes,No,No,No,Yes,Yes,Month-to-month,Yes,Electronic check,95.1,2326.05,0,13-24 Months,0.6158076099425726,High Risk,Priority retention campaign + service engagement
Male,1,No,No,20,Yes,No,Fiber optic,No,No,No,No,Yes,Yes,Month-to-month,No,Electronic check,89.95,1648.45,0,13-24 Months,0.615707630396123,High Risk,Priority retention campaign + service engagement
Female,0,No,No,3,Yes,No,Fiber optic,No,Yes,No,No,Yes,No,Month-to-month,No,Electronic check,83.75,247.25,1,0-6 Months,0.6156800409457008,High Risk,Priority retention campaign + service engagement
Male,0,No,No,25,Yes,Yes,Fiber optic,No,No,No,No,Yes,Yes,Month-to-month,Yes,Bank transfer (automatic),94.7,2362.1,1,25-48 Months,0.6155278819707667,High Risk,Priority retention campaign + service engagement
Male,1,Yes,No,7,Yes,No,Fiber optic,No,No,No,No,No,No,Month-to-month,Yes,Mailed check,70.1,467.55,1,7-12 Months,0.6153809421207994,High Risk,Priority retention campaign + service engagement
Female,0,No,Yes,22,Yes,Yes,Fiber optic,No,No,No,No,No,Yes,Month-to-month,Yes,Electronic check,84.75,1816.75,0,13-24 Months,0.6153110912070665,High Risk,Priority retention campaign + service engagement
Male,0,No,No,22,Yes,Yes,Fiber optic,Yes,No,No,No,Yes,Yes,Month-to-month,Yes,Electronic check,100.75,2095.0,1,13-24 Months,0.6153055097991471,High Risk,Priority retention campaign + service engagement
Male,0,No,No,6,Yes,No,Fiber optic,No,No,No,No,Yes,No,Month-to-month,Yes,Credit card (automatic),80.5,463.05,1,0-6 Months,0.6152929206093544,High Risk,Priority retention campaign + service engagement
Male,1,Yes,No,29,Yes,Yes,Fiber optic,No,Yes,Yes,No,No,Yes,Month-to-month,Yes,Electronic check,95.9,2745.2,1,25-48 Months,0.6152040918481495,High Risk,Priority retention campaign + service engagement
Male,0,No,No,1,Yes,No,Fiber optic,No,No,No,Yes,No,No,Month-to-month,Yes,Electronic check,75.9,75.9,1,0-6 Months,0.6150187460180989,High Risk,Priority retention campaign + service engagement
Female,0,Yes,Yes,15,Yes,Yes,Fiber optic,No,Yes,Yes,No,Yes,Yes,Month-to-month,Yes,Bank transfer (automatic),105.35,1559.25,0,13-24 Months,0.6150132467151601,High Risk,Priority retention campaign + service engagement
Male,1,Yes,No,23,Yes,Yes,Fiber optic,No,No,No,No,No,Yes,Month-to-month,No,Electronic check,86.8,1975.85,0,13-24 Months,0.6149609004189543,High Risk,Priority retention campaign + service engagement
Male,1,No,No,24,Yes,Yes,Fiber optic,No,Yes,Yes,No,Yes,Yes,Month-to-month,Yes,Credit card (automatic),102.95,2496.7,1,13-24 Months,0.6146920206274741,High Risk,Priority retention campaign + service engagement
Female,0,No,No,9,Yes,No,Fiber optic,No,No,No,No,Yes,No,Month-to-month,Yes,Bank transfer (automatic),77.65,714.15,1,7-12 Months,0.6146768825428562,High Risk,Priority retention campaign + service engagement
Female,1,Yes,No,3,Yes,No,Fiber optic,No,No,No,Yes,Yes,No,Month-to-month,Yes,Mailed check,83.9,267.4,1,0-6 Months,0.6143853713662698,High Risk,Priority retention campaign + service engagement
Male,1,No,No,24,Yes,Yes,Fiber optic,No,No,No,No,No,No,Month-to-month,Yes,Electronic check,76.1,1712.7,1,13-24 Months,0.6142600702761968,High Risk,Priority retention campaign + service engagement
Male,0,No,No,3,Yes,No,Fiber optic,No,No,No,No,Yes,Yes,Month-to-month,No,Mailed check,90.7,237.65,0,0-6 Months,0.6141162615077986,High Risk,Priority retention campaign + service engagement
Female,0,No,No,26,Yes,Yes,Fiber optic,No,No,Yes,No,Yes,Yes,Month-to-month,Yes,Bank transfer (automatic),100.5,2599.95,0,25-48 Months,0.6140855961981565,High Risk,Priority retention campaign + service engagement
Male,1,Yes,No,28,Yes,Yes,Fiber optic,No,Yes,No,Yes,Yes,Yes,Month-to-month,Yes,Electronic check,105.8,2998.0,0,25-48 Months,0.6140811095166655,High Risk,Priority retention campaign + service engagement
Male,0,Yes,No,18,Yes,Yes,Fiber optic,No,No,No,No,No,No,Month-to-month,Yes,Electronic check,73.15,1305.95,0,13-24 Months,0.6136873027252582,High Risk,Priority retention campaign + service engagement
Male,0,Yes,No,1,Yes,No,Fiber optic,No,No,Yes,No,No,No,Month-to-month,No,Electronic check,76.2,76.2,1,0-6 Months,0.6133919568247356,High Risk,Priority retention campaign + service engagement
Female,0,No,No,6,Yes,No,Fiber optic,No,No,Yes,Yes,No,Yes,Month-to-month,Yes,Electronic check,89.25,487.05,0,0-6 Months,0.6132082453814833,High Risk,Priority retention campaign + service engagement
Male,1,Yes,Yes,8,Yes,No,Fiber optic,No,No,No,No,Yes,No,Month-to-month,Yes,Credit card (automatic),80.45,583.45,1,7-12 Months,0.6124951426720097,High Risk,Priority retention campaign + service engagement
Male,0,No,No,5,Yes,Yes,Fiber optic,No,Yes,Yes,No,Yes,Yes,Month-to-month,No,Mailed check,104.1,541.9,1,0-6 Months,0.612490559951913,High Risk,Priority retention campaign + service engagement
Female,0,No,No,1,Yes,No,Fiber optic,No,No,Yes,No,No,No,Month-to-month,Yes,Mailed check,74.6,74.6,1,0-6 Months,0.6124377703228904,High Risk,Priority retention campaign + service engagement
Female,0,No,No,8,Yes,Yes,Fiber optic,No,No,No,No,No,No,Month-to-month,Yes,Credit card (automatic),74.6,548.9,0,7-12 Months,0.6122434047305331,High Risk,Priority retention campaign + service engagement
Male,1,Yes,No,32,Yes,Yes,Fiber optic,No,No,Yes,Yes,Yes,Yes,Month-to-month,Yes,Electronic check,104.9,3351.55,1,25-48 Months,0.612191096123325,High Risk,Priority retention campaign + service engagement
Female,1,No,No,4,Yes,No,Fiber optic,No,Yes,No,No,No,No,Month-to-month,No,Electronic check,72.75,317.75,0,0-6 Months,0.6121884388932467,High Risk,Priority retention campaign + service engagement
Female,0,No,No,33,Yes,Yes,Fiber optic,No,Yes,No,No,Yes,Yes,Month-to-month,Yes,Electronic check,100.0,3320.6,0,25-48 Months,0.6121075948636416,High Risk,Priority retention campaign + service engagement
Female,0,No,No,2,Yes,No,Fiber optic,Yes,Yes,No,No,Yes,No,Month-to-month,Yes,Electronic check,91.15,168.5,0,0-6 Months,0.6120337616511808,High Risk,Priority retention campaign + service engagement
Male,0,No,No,3,Yes,No,Fiber optic,No,Yes,No,No,No,Yes,Month-to-month,No,Electronic check,84.3,235.05,0,0-6 Months,0.6118921382764547,High Risk,Priority retention campaign + service engagement
Female,0,No,No,4,Yes,No,Fiber optic,No,No,No,No,No,No,Month-to-month,Yes,Bank transfer (automatic),70.9,273.0,1,0-6 Months,0.6118250071220875,High Risk,Priority retention campaign + service engagement
Female,0,No,No,3,No,No phone service,DSL,No,No,No,No,Yes,No,Month-to-month,Yes,Credit card (automatic),34.8,113.95,0,0-6 Months,0.6117864859913613,High Risk,Priority retention campaign + service engagement
Female,0,No,No,27,Yes,Yes,Fiber optic,No,No,No,No,Yes,Yes,Month-to-month,Yes,Bank transfer (automatic),95.6,2595.25,0,25-48 Months,0.6116684464462466,High Risk,Priority retention campaign + service engagement
Female,1,Yes,No,13,No,No phone service,DSL,No,No,No,No,Yes,Yes,Month-to-month,No,Electronic check,45.3,528.45,0,13-24 Months,0.6115182182802454,High Risk,Priority retention campaign + service engagement
Male,0,No,No,4,Yes,Yes,Fiber optic,Yes,No,No,No,Yes,No,Month-to-month,No,Electronic check,90.65,367.95,0,0-6 Months,0.6115142121027952,High Risk,Priority retention campaign + service engagement
Female,0,No,No,14,Yes,No,Fiber optic,No,No,No,No,Yes,Yes,Month-to-month,Yes,Mailed check,89.8,1129.1,1,13-24 Months,0.6113676445520462,High Risk,Priority retention campaign + service engagement
Male,0,Yes,Yes,11,Yes,No,Fiber optic,No,No,No,No,Yes,Yes,Month-to-month,No,Electronic check,90.6,1020.2,0,7-12 Months,0.6108976092433998,High Risk,Priority retention campaign + service engagement
Male,0,No,No,3,No,No phone service,DSL,No,Yes,No,No,No,No,Month-to-month,Yes,Electronic check,29.6,79.45,1,0-6 Months,0.6108677777596574,High Risk,Priority retention campaign + service engagement
Female,0,No,No,10,Yes,Yes,Fiber optic,No,No,No,No,No,No,Month-to-month,Yes,Mailed check,75.75,777.3,0,7-12 Months,0.6105381282389404,High Risk,Priority retention campaign + service engagement
Female,0,Yes,No,2,Yes,No,Fiber optic,No,No,No,No,No,No,Month-to-month,Yes,Credit card (automatic),70.4,154.8,0,0-6 Months,0.6097030155151648,High Risk,Priority retention campaign + service engagement
Male,0,No,No,9,Yes,Yes,Fiber optic,Yes,No,No,No,No,No,Month-to-month,Yes,Electronic check,81.15,784.45,0,7-12 Months,0.6095758630550377,High Risk,Priority retention campaign + service engagement
Male,0,No,No,10,Yes,Yes,Fiber optic,No,No,No,No,No,No,Month-to-month,No,Electronic check,75.05,786.3,0,7-12 Months,0.6090068889683459,High Risk,Priority retention campaign + service engagement
Female,0,No,No,11,Yes,Yes,Fiber optic,No,No,No,No,No,No,Month-to-month,No,Electronic check,75.25,888.65,0,7-12 Months,0.6084598980050694,High Risk,Priority retention campaign + service engagement
Male,0,No,No,15,Yes,No,Fiber optic,No,No,Yes,Yes,Yes,Yes,Month-to-month,Yes,Electronic check,101.35,1553.95,1,13-24 Months,0.6083551140869281,High Risk,Priority retention campaign + service engagement
Female,0,Yes,Yes,4,Yes,No,Fiber optic,No,No,No,No,Yes,No,Month-to-month,Yes,Mailed check,78.9,299.75,0,0-6 Months,0.6079830402292893,High Risk,Priority retention campaign + service engagement
Female,0,No,No,15,Yes,Yes,Fiber optic,No,Yes,No,No,No,No,Month-to-month,Yes,Electronic check,79.75,1111.85,1,13-24 Months,0.6079074647481605,High Risk,Priority retention campaign + service engagement
Male,0,Yes,No,14,Yes,Yes,Fiber optic,No,Yes,Yes,No,No,No,Month-to-month,Yes,Electronic check,82.65,1185.0,0,13-24 Months,0.6074463613584499,High Risk,Priority retention campaign + service engagement
Male,0,No,No,13,Yes,Yes,Fiber optic,No,No,No,Yes,Yes,Yes,Month-to-month,No,Electronic check,100.75,1313.25,0,13-24 Months,0.6073832176504738,High Risk,Priority retention campaign + service engagement
Male,0,No,No,5,Yes,No,Fiber optic,No,No,Yes,No,Yes,Yes,Month-to-month,No,Bank transfer (automatic),96.5,492.55,1,0-6 Months,0.6072867873845412,High Risk,Priority retention campaign + service engagement
Male,0,No,No,6,Yes,Yes,Fiber optic,No,No,No,Yes,No,Yes,Month-to-month,Yes,Bank transfer (automatic),87.95,522.35,0,0-6 Months,0.6072648925556579,High Risk,Priority retention campaign + service engagement
Male,1,Yes,No,46,Yes,Yes,Fiber optic,No,No,Yes,No,Yes,Yes,Month-to-month,Yes,Electronic check,101.0,4680.05,1,25-48 Months,0.6071386486019267,High Risk,Priority retention campaign + service engagement
Female,0,No,No,27,Yes,Yes,Fiber optic,No,No,No,No,Yes,Yes,Month-to-month,Yes,Mailed check,94.55,2724.6,1,25-48 Months,0.6070311883310118,High Risk,Priority retention campaign + service engagement
Male,0,No,No,5,No,No phone service,DSL,No,Yes,No,No,Yes,Yes,Month-to-month,Yes,Mailed check,51.0,305.95,1,0-6 Months,0.6070240826808512,High Risk,Priority retention campaign + service engagement
Female,1,Yes,No,30,Yes,Yes,Fiber optic,No,Yes,No,No,Yes,No,Month-to-month,Yes,Electronic check,90.05,2627.2,0,25-48 Months,0.6064106090699599,High Risk,Priority retention campaign + service engagement
Male,1,Yes,No,47,Yes,Yes,Fiber optic,No,No,Yes,No,Yes,Yes,Month-to-month,Yes,Electronic check,100.05,4871.05,1,25-48 Months,0.6062979709669724,High Risk,Priority retention campaign + service engagement
Female,0,Yes,No,33,Yes,Yes,Fiber optic,No,Yes,Yes,No,Yes,Yes,Month-to-month,Yes,Electronic check,104.4,3409.6,1,25-48 Months,0.6061293767794267,High Risk,Priority retention campaign + service engagement
Female,1,Yes,No,15,Yes,Yes,Fiber optic,No,No,Yes,Yes,No,No,Month-to-month,Yes,Electronic check,83.05,1258.3,1,13-24 Months,0.6061120863576286,High Risk,Priority retention campaign + service engagement
Female,0,Yes,Yes,6,Yes,Yes,Fiber optic,No,No,No,Yes,No,No,Month-to-month,Yes,Electronic check,80.5,502.85,1,0-6 Months,0.6058797640176331,High Risk,Priority retention campaign + service engagement
Male,0,No,No,10,Yes,Yes,Fiber optic,No,No,No,No,No,No,Month-to-month,Yes,Mailed check,74.15,811.8,1,7-12 Months,0.6054849657962589,High Risk,Priority retention campaign + service engagement
Male,0,No,No,2,Yes,No,Fiber optic,No,No,No,No,No,No,Month-to-month,Yes,Credit card (automatic),71.3,157.75,0,0-6 Months,0.6054036846265012,High Risk,Priority retention campaign + service engagement
Male,0,Yes,No,10,Yes,No,Fiber optic,No,Yes,No,Yes,Yes,Yes,Month-to-month,Yes,Electronic check,99.85,990.9,1,7-12 Months,0.6053694773472038,High Risk,Priority retention campaign + service engagement
Female,0,No,No,9,Yes,Yes,Fiber optic,No,No,No,No,No,No,Month-to-month,Yes,Credit card (automatic),75.2,633.85,0,7-12 Months,0.6052508025376567,High Risk,Priority retention campaign + service engagement
Male,0,Yes,No,2,Yes,No,Fiber optic,No,No,Yes,No,No,No,Month-to-month,No,Electronic check,76.4,151.8,1,0-6 Months,0.6051625026207036,High Risk,Priority retention campaign + service engagement
Female,0,No,No,15,Yes,No,Fiber optic,No,No,Yes,No,Yes,Yes,Month-to-month,Yes,Credit card (automatic),94.0,1505.45,0,13-24 Months,0.6050431774585356,High Risk,Priority retention campaign + service engagement
Female,0,Yes,No,2,Yes,No,Fiber optic,Yes,No,No,No,No,No,Month-to-month,Yes,Electronic check,74.4,139.4,1,0-6 Months,0.6043127832799845,High Risk,Priority retention campaign + service engagement
Male,0,No,No,2,Yes,No,Fiber optic,Yes,No,No,No,No,No,Month-to-month,Yes,Electronic check,75.7,189.2,1,0-6 Months,0.6041475855427385,High Risk,Priority retention campaign + service engagement
Male,1,No,No,31,Yes,Yes,Fiber optic,No,Yes,No,No,Yes,No,Month-to-month,Yes,Electronic check,90.7,2845.15,0,25-48 Months,0.6040293306940783,High Risk,Priority retention campaign + service engagement
Male,0,No,No,3,Yes,No,Fiber optic,No,Yes,Yes,No,No,Yes,Month-to-month,No,Electronic check,90.4,268.45,0,0-6 Months,0.6037662994123218,High Risk,Priority retention campaign + service engagement
Male,0,No,No,3,No,No phone service,DSL,No,No,Yes,No,Yes,No,Month-to-month,Yes,Mailed check,40.15,130.75,1,0-6 Months,0.6036128291733273,High Risk,Priority retention campaign + service engagement
Female,0,Yes,Yes,5,Yes,No,Fiber optic,No,No,No,Yes,Yes,No,Month-to-month,Yes,Electronic check,85.75,470.95,1,0-6 Months,0.6035530891381924,High Risk,Priority retention campaign + service engagement
Female,0,No,No,4,Yes,No,Fiber optic,No,No,No,No,No,No,Month-to-month,No,Electronic check,70.4,281.0,1,0-6 Months,0.6028507670764278,High Risk,Priority retention campaign + service engagement
Female,0,No,No,7,Yes,Yes,Fiber optic,No,Yes,No,No,No,No,Month-to-month,Yes,Bank transfer (automatic),78.55,522.95,0,7-12 Months,0.6028269281134192,High Risk,Priority retention campaign + service engagement
Female,0,No,Yes,16,Yes,No,Fiber optic,No,No,No,No,Yes,No,Month-to-month,Yes,Electronic check,81.0,1312.15,1,13-24 Months,0.6027298560047121,High Risk,Priority retention campaign + service engagement
Male,0,No,No,3,Yes,No,Fiber optic,No,No,No,No,No,No,Month-to-month,Yes,Mailed check,70.3,220.4,0,0-6 Months,0.6024317307763561,High Risk,Priority retention campaign + service engagement
Male,0,No,No,12,Yes,Yes,Fiber optic,No,No,No,Yes,Yes,Yes,Month-to-month,Yes,Mailed check,99.95,1132.75,1,7-12 Months,0.6024263509769074,High Risk,Priority retention campaign + service engagement
Male,1,No,No,15,Yes,Yes,Fiber optic,No,No,No,No,No,No,Month-to-month,Yes,Credit card (automatic),74.2,1133.9,1,13-24 Months,0.6023031352722923,High Risk,Priority retention campaign + service engagement
Female,0,Yes,Yes,6,Yes,Yes,Fiber optic,No,Yes,Yes,No,Yes,No,Month-to-month,Yes,Mailed check,94.05,518.75,0,0-6 Months,0.602039861965899,High Risk,Priority retention campaign + service engagement
Female,0,Yes,Yes,25,Yes,Yes,Fiber optic,No,No,Yes,No,No,Yes,Month-to-month,Yes,Electronic check,89.1,2368.4,1,25-48 Months,0.6019547748001811,High Risk,Priority retention campaign + service engagement
Male,0,No,No,2,Yes,No,Fiber optic,No,No,No,No,No,No,Month-to-month,Yes,Credit card (automatic),69.8,134.7,1,0-6 Months,0.6016583743269271,High Risk,Priority retention campaign + service engagement
Female,0,No,No,1,No,No phone service,DSL,No,No,No,No,No,No,Month-to-month,No,Electronic check,25.25,25.25,0,0-6 Months,0.6016037247169628,High Risk,Priority retention campaign + service engagement
Male,0,No,No,8,Yes,Yes,Fiber optic,No,No,No,No,No,Yes,Month-to-month,No,Bank transfer (automatic),84.5,662.65,1,7-12 Months,0.6014395322063513,High Risk,Priority retention campaign + service engagement
Male,1,No,No,24,Yes,Yes,Fiber optic,No,Yes,No,No,No,No,Month-to-month,Yes,Electronic check,80.5,2088.45,0,13-24 Months,0.6009842445880815,High Risk,Priority retention campaign + service engagement
Female,0,No,No,1,No,No phone service,DSL,No,No,No,No,No,No,Month-to-month,No,Electronic check,24.6,24.6,1,0-6 Months,0.600701745505291,High Risk,Priority retention campaign + service engagement
Female,0,No,No,16,Yes,No,Fiber optic,No,Yes,No,No,No,Yes,Month-to-month,Yes,Electronic check,86.25,1340.1,0,13-24 Months,0.6006374132007931,High Risk,Priority retention campaign + service engagement
Female,0,Yes,Yes,13,Yes,No,Fiber optic,No,No,No,No,Yes,Yes,Month-to-month,No,Electronic check,88.35,1222.8,1,13-24 Months,0.6005397422241444,High Risk,Priority retention campaign + service engagement
Female,0,No,No,18,Yes,Yes,Fiber optic,No,No,No,Yes,No,Yes,Month-to-month,Yes,Electronic check,90.1,1612.75,1,13-24 Months,0.6005272656545758,High Risk,Priority retention campaign + service engagement
Male,0,No,No,3,Yes,No,Fiber optic,No,No,No,No,No,No,Month-to-month,Yes,Mailed check,69.6,207.4,0,0-6 Months,0.6005068740892116,High Risk,Priority retention campaign + service engagement
Male,1,No,No,8,Yes,No,Fiber optic,No,No,No,No,No,No,Month-to-month,Yes,Credit card (automatic),69.95,562.7,0,7-12 Months,0.6002854995420528,High Risk,Priority retention campaign + service engagement
Female,0,Yes,Yes,23,Yes,Yes,Fiber optic,No,No,No,No,Yes,No,Month-to-month,Yes,Electronic check,83.75,1849.95,0,13-24 Months,0.6002607251451029,High Risk,Priority retention campaign + service engagement
Male,0,No,No,4,No,No phone service,DSL,No,No,No,Yes,No,Yes,Month-to-month,Yes,Electronic check,40.05,162.45,0,0-6 Months,0.6000556664156792,High Risk,Priority retention campaign + service engagement
Female,0,Yes,No,28,Yes,Yes,Fiber optic,No,No,Yes,Yes,Yes,Yes,Month-to-month,Yes,Electronic check,104.8,3046.05,1,25-48 Months,0.6000180629644022,High Risk,Priority retention campaign + service engagement
